order_type,network_type,service_type,install_type,technology_type,product_type,action_type,task_name,orders_with_task,order_population,task_percentage,task_type
add,4GLTE,4G LTE,F,,4GLTE,NI,Product Order for 4G LTE,8127,8128,99.99,MANDATORY
add,4GLTE,4G LTE,F,,4GLTE,NI,Product Order for 4G LTE OTC,8110,8128,99.78,MANDATORY
add,4GLTE,4G LTE,F,,4GLTE,NI,Get Available TN in Alianza,7918,8128,97.42,MANDATORY
add,4GLTE,4G LTE,F,,4GLTE,NI,Create Calling Plans in Alianza,7900,8128,97.19,MANDATORY
add,4GLTE,4G LTE,F,,4GLTE,NI,Configure Caller ID in Alianza,7881,8128,96.96,MANDATORY
add,4GLTE,4G LTE,F,,4GLTE,NI,Create SIP profile in Alianza,7878,8128,96.92,MANDATORY
add,4GLTE,4G LTE,F,,4GLTE,NI,Retrieve SIP Credential from Alianza,7876,8128,96.9,MANDATORY
add,4GLTE,4G LTE,F,,4GLTE,NI,4G LR Initiation,7850,8128,96.58,MANDATORY
add,4GLTE,4G LTE,F,,4GLTE,NI,Wait for CRD,7655,8128,94.18,EXPECTED
add,4GLTE,4G LTE,F,,4GLTE,NI,Get LNP Port Request Status,7635,8128,93.93,EXPECTED
add,4GLTE,4G LTE,F,,4GLTE,NI,Get TempTN Status from Alianza,6155,8128,75.73,EXPECTED
add,4GLTE,4G LTE,F,,4GLTE,NI,Create Account in AXON,6121,8128,75.31,EXPECTED
add,4GLTE,4G LTE,F,,4GLTE,NI,Trigger Port,6118,8128,75.27,EXPECTED
add,4GLTE,4G LTE,F,,4GLTE,NI,Update SIP Credentials in Alianza,6089,8128,74.91,EXPECTED
add,4GLTE,4G LTE,F,,4GLTE,NI,Create User in Alianza,6078,8128,74.78,EXPECTED
add,4GLTE,4G LTE,F,,4GLTE,NI,Update Voice Configuration in AXON,5933,8128,72.99,EXPECTED
add,4GLTE,4G LTE,F,,4GLTE,NI,Add PhoneNumber Temp TN,5914,8128,72.76,EXPECTED
add,4GLTE,4G LTE,F,,4GLTE,NI,Add Device to Location in AXON,5884,8128,72.39,EXPECTED
add,4GLTE,4G LTE,F,,4GLTE,NI,Create Location in AXON,5875,8128,72.28,EXPECTED
add,4GLTE,4G LTE,F,,4GLTE,NI,Add Voice Configuration in AXON,5874,8128,72.27,EXPECTED
add,4GLTE,4G LTE,F,,4GLTE,NI,Get TN Status from Alianza,5858,8128,72.07,EXPECTED
add,4GLTE,4G LTE,F,,4GLTE,NI,Create Account in Alianza,5851,8128,71.99,EXPECTED
add,4GLTE,4G LTE,F,,4GLTE,NI,Add PhoneNumber,5840,8128,71.85,EXPECTED
add,4GLTE,4G LTE,F,,4GLTE,NI,Create Customer Record,5810,8128,71.48,EXPECTED
add,4GLTE,4G LTE,F,,4GLTE,NI,Configure updated CallerID in Allianza,5548,8128,68.26,OPTIONAL
add,4GLTE,4G LTE,F,,4GLTE,NI,CE Self Install,5517,8128,67.88,OPTIONAL
add,4GLTE,4G LTE,F,,4GLTE,NI,Wait for AXON Provisioning Event,5476,8128,67.37,OPTIONAL
add,4GLTE,4G LTE,F,,4GLTE,NI,Delete TN in Allianza,5468,8128,67.27,OPTIONAL
add,4GLTE,4G LTE,F,,4GLTE,NI,Initiate Shipment,5097,8128,62.71,OPTIONAL
add,4GLTE,4G LTE,F,,4GLTE,NI,Wait for Shipment Confirmation,5087,8128,62.59,OPTIONAL
add,4GLTE,4G LTE,F,,4GLTE,NI,Wait for Delivery Confirmation,4876,8128,59.99,OPTIONAL
add,4GLTE,4G LTE,F,,4GLTE,NI,Create Subscription Order in BRIM,3737,8128,45.98,OPTIONAL
add,4GLTE,4G LTE,F,,4GLTE,NI,Update Correlation in Dispatch,3736,8128,45.96,OPTIONAL
add,4GLTE,4G LTE,F,,4GLTE,NI,Notify Order Ready for Dispatch,3654,8128,44.96,OPTIONAL
add,4GLTE,4G LTE,F,,4GLTE,NI,Wait for Job Completion,3654,8128,44.96,OPTIONAL
add,4GLTE,4G LTE,F,,4GLTE,NI,Update Subscription in BRIM,3293,8128,40.51,OPTIONAL
add,4GLTE,4G LTE,F,,4GLTE,NI,Start Billing,2873,8128,35.35,OPTIONAL
add,4GLTE,4G LTE,F,,4GLTE,NI,Create Dispatch Planning Job,2496,8128,30.71,OPTIONAL
add,4GLTE,4G LTE,F,,4GLTE,NI,Undo:Create Customer Record in BOSS-OM,2300,8128,28.3,OPTIONAL
add,4GLTE,4G LTE,F,,4GLTE,NI,Activate SIM,2268,8128,27.9,OPTIONAL
add,4GLTE,4G LTE,F,,4GLTE,NI,Undo: Create Account in Alianza,2268,8128,27.9,OPTIONAL
add,4GLTE,4G LTE,F,,4GLTE,NI,Undo: Add PhoneNumber,2061,8128,25.36,OPTIONAL
add,4GLTE,4G LTE,F,,4GLTE,NI,Undo: Create User in Alianza,2031,8128,24.99,OPTIONAL
add,4GLTE,4G LTE,F,,4GLTE,NI,Wait for Serial Number,1958,8128,24.09,OPTIONAL
add,4GLTE,4G LTE,F,,4GLTE,NI,Undo: Add PhoneNumber Temp TN,1930,8128,23.75,OPTIONAL
add,4GLTE,4G LTE,F,,4GLTE,NI,Undo:Create Dispatch Planning Job,1293,8128,15.91,OPTIONAL
add,4GLTE,4G LTE,F,,4GLTE,NI,Forget Device in AXON,775,8128,9.53,OPTIONAL
add,4GLTE,4G LTE,F,,4GLTE,NI,Undo: BRIM Cancel Pending Subscription,514,8128,6.32,OPTIONAL
add,4GLTE,4G LTE,F,,4GLTE,NI,Remove Device from Location in AXON,505,8128,6.21,OPTIONAL
add,4GLTE,4G LTE,F,,4GLTE,NI,Delete Location in AXON,350,8128,4.31,OPTIONAL
add,4GLTE,4G LTE,F,,4GLTE,NI,Remove Voice Config in AXON,326,8128,4.01,OPTIONAL
add,4GLTE,4G LTE,F,,4GLTE,NI,Configure updated CallerID in Alianza,298,8128,3.67,OPTIONAL
add,4GLTE,4G LTE,F,,4GLTE,NI,Delete Temp TN In Alianza,290,8128,3.57,OPTIONAL
add,4GLTE,4G LTE,F,,4GLTE,NI,Create DSL Disconnect Order,213,8128,2.62,OPTIONAL
add,4GLTE,4G LTE,F,,4GLTE,NI,Wait for DSL Billing Cancellation,211,8128,2.6,OPTIONAL
add,4GLTE,4G LTE,F,,4GLTE,NI,Undo: Activate SIM,185,8128,2.28,OPTIONAL
add,4GLTE,4G LTE,F,,4GLTE,NI,Update upstreamOnHold at Dispatch,110,8128,1.35,OPTIONAL
add,4GLTE,4G LTE,F,,4GLTE,NI,Delete Account in AXON,104,8128,1.28,OPTIONAL
add,4GLTE,4G LTE,F,,4GLTE,NI,Deactivate SIM,98,8128,1.21,OPTIONAL
add,4GLTE,4G LTE,F,,4GLTE,NI,Update tech remarks in Dispatch,90,8128,1.11,OPTIONAL
add,4GLTE,4G LTE,F,,4GLTE,NI,Initiate Shipment - Router,65,8128,0.8,OPTIONAL
add,4GLTE,4G LTE,F,,4GLTE,NI,Wait for Delivery Confirmation - Router,65,8128,0.8,OPTIONAL
add,4GLTE,4G LTE,F,,4GLTE,NI,Wait for Shipment Confirmation - Router,65,8128,0.8,OPTIONAL
add,4GLTE,4G LTE,F,,4GLTE,NI,Undo:Create Dispatch Planning Jobï»¿,50,8128,0.62,OPTIONAL
add,4GLTE,4G LTE,F,,4GLTE,NI,Revision Billing Create Subscription,43,8128,0.53,OPTIONAL
add,4GLTE,4G LTE,F,,4GLTE,NI,Complete Order,32,8128,0.39,OPTIONAL
add,4GLTE,4G LTE,F,,4GLTE,NI,Redo: Create Dispatch Planning Job,28,8128,0.34,OPTIONAL
add,4GLTE,4G LTE,F,,4GLTE,NI,Disconnect DSL,24,8128,0.3,OPTIONAL
add,4GLTE,4G LTE,F,,4GLTE,NI,Update Username in Alianza,20,8128,0.25,OPTIONAL
add,4GLTE,4G LTE,F,,4GLTE,NI,Delete Temp TN In Allianza,14,8128,0.17,OPTIONAL
add,4GLTE,4G LTE,F,,4GLTE,NI,Wait for Due Date,9,8128,0.11,OPTIONAL
add,4GLTE,4G LTE,F,,4GLTE,NI,Undo: Undo: Create Account in Alianza,8,8128,0.1,OPTIONAL
add,4GLTE,4G LTE,F,,4GLTE,NI,BRIM:Convert BAN in Biller,6,8128,0.07,OPTIONAL
add,4GLTE,4G LTE,F,,4GLTE,NI,Get BSW Status from C360,6,8128,0.07,OPTIONAL
add,4GLTE,4G LTE,F,,4GLTE,NI,Release Order From Dispatch,2,8128,0.02,OPTIONAL
add,4GLTE,4G LTE,F,,4GLTE,NI,,1,8128,0.01,OPTIONAL
add,4GLTE,4G LTE,F,,4GLTE,NI,Add Configuration in AXON,1,8128,0.01,OPTIONAL
add,4GLTE,4G LTE,F,,4GLTE,NI,Redo:Add PhoneNumber,1,8128,0.01,OPTIONAL
add,4GLTE,4G LTE,F,,4GLTE,NI,Revision: Update Correlation in Dispatch,1,8128,0.01,OPTIONAL
add,4GLTE,4G LTE,F,,4GLTE,NI,Undo: Add Voice Configuration in AXON,1,8128,0.01,OPTIONAL
add,4GLTE,4G LTE,F,,4GLTE,NI,Undo: Create Account,1,8128,0.01,OPTIONAL
add,4GLTE,4G LTE,F,,4GLTE,NI,Undo: Create Buried Drop Order,1,8128,0.01,OPTIONAL
add,4GLTE,4G LTE,F,,4GLTE,NI,Undo: Undo: Undo: Create Account in Alianza,1,8128,0.01,OPTIONAL
add,4GLTE,4G LTE,F,,4GLTE,NI,Wait for VMDU Case Complete,1,8128,0.01,OPTIONAL
add,Copper,DSL,,VDSL2,HSI,NI,Product Order for Copper OTC,24523,24599,99.69,MANDATORY
add,Copper,DSL,,VDSL2,HSI,NI,Get Facility details,22761,24599,92.53,EXPECTED
add,Copper,DSL,,VDSL2,HSI,NI,Wait for Due Date,22562,24599,91.72,EXPECTED
add,Copper,DSL,,VDSL2,HSI,NI,BRIM:Convert BAN in Biller,22379,24599,90.98,EXPECTED
add,Copper,DSL,,VDSL2,HSI,NI,Update Correlation in Dispatch,20646,24599,83.93,EXPECTED
add,Copper,DSL,,VDSL2,HSI,NI,Activate Service in O2 - DSL,19948,24599,81.09,EXPECTED
add,Copper,DSL,,VDSL2,HSI,NI,Notify Order Ready for Dispatch,18999,24599,77.23,EXPECTED
add,Copper,DSL,,VDSL2,HSI,NI,Wait for Job Completion,18992,24599,77.21,EXPECTED
add,Copper,DSL,,VDSL2,HSI,NI,Retrieve BRAS Circuit ID,18891,24599,76.8,EXPECTED
add,Copper,DSL,,VDSL2,HSI,NI,Create Improv Account,16269,24599,66.14,OPTIONAL
add,Copper,DSL,,VDSL2,HSI,NI,Create Customer Record,16248,24599,66.05,OPTIONAL
add,Copper,DSL,,VDSL2,HSI,NI,O2 Service Order Assign,16173,24599,65.75,OPTIONAL
add,Copper,DSL,,VDSL2,HSI,NI,Create Subscription Order in BRIM,15994,24599,65.02,OPTIONAL
add,Copper,DSL,,VDSL2,HSI,NI,O2 Order Completion,15385,24599,62.54,OPTIONAL
add,Copper,DSL,,VDSL2,HSI,NI,Wait for O2 Notifications,15283,24599,62.13,OPTIONAL
add,Copper,DSL,,VDSL2,HSI,NI,Start Billing,15098,24599,61.38,OPTIONAL
add,Copper,DSL,,VDSL2,HSI,NI,BRIM:BAN Payment Posting for Deposit,15010,24599,61.02,OPTIONAL
add,Copper,DSL,,VDSL2,HSI,NI,Create Dispatch Planning Job,12947,24599,52.63,OPTIONAL
add,Copper,DSL,,VDSL2,HSI,NI,Reschedule due date in O2,10680,24599,43.42,OPTIONAL
add,Copper,DSL,,VDSL2,HSI,NI,Undo:Create Customer Record in BOSS-OM,8274,24599,33.64,OPTIONAL
add,Copper,DSL,,VDSL2,HSI,NI,Undo: BRIM Cancel Pending Subscription,7850,24599,31.91,OPTIONAL
add,Copper,DSL,,VDSL2,HSI,NI,Undo:Create Dispatch Planning Job,7731,24599,31.43,OPTIONAL
add,Copper,DSL,,VDSL2,HSI,NI,Undo: O2 Service Order Assign,6887,24599,28,OPTIONAL
add,Copper,DSL,,VDSL2,HSI,NI,Undo: Create Improv Account,6558,24599,26.66,OPTIONAL
add,Copper,DSL,,VDSL2,HSI,NI,Wait for O2 Notifications:PGMG ERR,4351,24599,17.69,OPTIONAL
add,Copper,DSL,,VDSL2,HSI,NI,O2 to NocVue,3489,24599,14.18,OPTIONAL
add,Copper,DSL,,VDSL2,HSI,NI,CE Self Install,3248,24599,13.2,OPTIONAL
add,Copper,DSL,,VDSL2,HSI,NI,Wait for ACS Notification,2731,24599,11.1,OPTIONAL
add,Copper,DSL,,VDSL2,HSI,NI,Initiate Shipment,2637,24599,10.72,OPTIONAL
add,Copper,DSL,,VDSL2,HSI,NI,Wait for Shipment Confirmation,2628,24599,10.68,OPTIONAL
add,Copper,DSL,,VDSL2,HSI,NI,Wait for Delivery Confirmation,2518,24599,10.24,OPTIONAL
add,Copper,DSL,,VDSL2,HSI,NI,BRIM:BAN Payment Posting for Non Deposit,1947,24599,7.91,OPTIONAL
add,Copper,DSL,,VDSL2,HSI,NI,Toggle Programming Tickets,1591,24599,6.47,OPTIONAL
add,Copper,DSL,,VDSL2,HSI,NI,Wait for Disconnect Order Completion,1437,24599,5.84,OPTIONAL
add,Copper,DSL,,VDSL2,HSI,NI,Update tech remarks in Dispatch,1053,24599,4.28,OPTIONAL
add,Copper,DSL,,VDSL2,HSI,NI,Update upstreamOnHold at Dispatch,781,24599,3.17,OPTIONAL
add,Copper,DSL,,VDSL2,HSI,NI,Provision Customer in AXON,473,24599,1.92,OPTIONAL
add,Copper,DSL,,VDSL2,HSI,NI,Product Order for Copper Addon,449,24599,1.83,OPTIONAL
add,Copper,DSL,,VDSL2,HSI,NI,Wait for CO Job Completion,404,24599,1.64,OPTIONAL
add,Copper,DSL,,VDSL2,HSI,NI,Get FacilityInfo for Signed Off,375,24599,1.52,OPTIONAL
add,Copper,DSL,,VDSL2,HSI,NI,Put Dispatch On Hold,363,24599,1.48,OPTIONAL
add,Copper,DSL,,VDSL2,HSI,NI,Wait for Shipment Confirmation - Router,362,24599,1.47,OPTIONAL
add,Copper,DSL,,VDSL2,HSI,NI,Initiate Shipment - Router,360,24599,1.46,OPTIONAL
add,Copper,DSL,,VDSL2,HSI,NI,Wait for Delivery Confirmation - Router,359,24599,1.46,OPTIONAL
add,Copper,DSL,,VDSL2,HSI,NI,Undo: Create Buried Drop Order,355,24599,1.44,OPTIONAL
add,Copper,DSL,,VDSL2,HSI,NI,Update Subscription in BRIM,341,24599,1.39,OPTIONAL
add,Copper,DSL,,VDSL2,HSI,NI,Get BSW Status from C360,258,24599,1.05,OPTIONAL
add,Copper,DSL,,VDSL2,HSI,NI,Undo:Create CO Dispatch,235,24599,0.96,OPTIONAL
add,Copper,DSL,,VDSL2,HSI,NI,Wait for O2 Notifications:HELD,201,24599,0.82,OPTIONAL
add,Copper,DSL,,VDSL2,HSI,NI,Create CO Dispatch,170,24599,0.69,OPTIONAL
add,Copper,DSL,,VDSL2,HSI,NI,Release Dispatch From Hold,167,24599,0.68,OPTIONAL
add,Copper,DSL,,VDSL2,HSI,NI,Wait for O2 Notifications:PGMG-Manual,129,24599,0.52,OPTIONAL
add,Copper,DSL,,VDSL2,HSI,NI,Release Order From Dispatch,80,24599,0.33,OPTIONAL
add,Copper,DSL,,VDSL2,HSI,NI,Wait For CPE Connection,69,24599,0.28,OPTIONAL
add,Copper,DSL,,VDSL2,HSI,NI,Revision:O2 Service Order Assign,61,24599,0.25,OPTIONAL
add,Copper,DSL,,VDSL2,HSI,NI,O2 Order Completion:PGMG ERR,58,24599,0.24,OPTIONAL
add,Copper,DSL,,VDSL2,HSI,NI,Redo: Create Dispatch Planning Job,44,24599,0.18,OPTIONAL
add,Copper,DSL,,VDSL2,HSI,NI,Revision:Wait for Due Date,39,24599,0.16,OPTIONAL
add,Copper,DSL,,VDSL2,HSI,NI,Revision:Get Facility details,33,24599,0.13,OPTIONAL
add,Copper,DSL,,VDSL2,HSI,NI,Fetch Details from NocVue,31,24599,0.13,OPTIONAL
add,Copper,DSL,,VDSL2,HSI,NI,Fetch Details from SoiuShow,31,24599,0.13,OPTIONAL
add,Copper,DSL,,VDSL2,HSI,NI,Activate Service,30,24599,0.12,OPTIONAL
add,Copper,DSL,,VDSL2,HSI,NI,Wait for O2 Notifications:CONF,25,24599,0.1,OPTIONAL
add,Copper,DSL,,VDSL2,HSI,NI,Revision:Activate Service,24,24599,0.1,OPTIONAL
add,Copper,DSL,,VDSL2,HSI,NI,Wait for VMDU Case Complete,20,24599,0.08,OPTIONAL
add,Copper,DSL,,VDSL2,HSI,NI,Notify O2 ProgramWorkTicket,11,24599,0.04,OPTIONAL
add,Copper,DSL,,VDSL2,HSI,NI,Enterprise Create Subscription Order,10,24599,0.04,OPTIONAL
add,Copper,DSL,,VDSL2,HSI,NI,Revision: Toggle Programming Tickets,10,24599,0.04,OPTIONAL
add,Copper,DSL,,VDSL2,HSI,NI,Assign Copper DSL in BOSS-IM,9,24599,0.04,OPTIONAL
add,Copper,DSL,,VDSL2,HSI,NI,Revision: Update Correlation in Dispatch,9,24599,0.04,OPTIONAL
add,Copper,DSL,,VDSL2,HSI,NI,Add Copper DSL Service in EMS,4,24599,0.02,OPTIONAL
add,Copper,DSL,,VDSL2,HSI,NI,O2 Change Order,4,24599,0.02,OPTIONAL
add,Copper,DSL,,VDSL2,HSI,NI,Wait for O2 Notifications:IPDG,4,24599,0.02,OPTIONAL
add,Copper,DSL,,VDSL2,HSI,NI,,3,24599,0.01,OPTIONAL
add,Copper,DSL,,VDSL2,HSI,NI,Product Order for Copper_AddOn,3,24599,0.01,OPTIONAL
add,Copper,DSL,,VDSL2,HSI,NI,Revision Billing Create Subscription,3,24599,0.01,OPTIONAL
add,Copper,DSL,,VDSL2,HSI,NI,Get LCI number for DSL Service,2,24599,0.01,OPTIONAL
add,Copper,DSL,,VDSL2,HSI,NI,Get RG Mac Address,2,24599,0.01,OPTIONAL
add,Copper,DSL,,VDSL2,HSI,NI,Improv Speed Change,2,24599,0.01,OPTIONAL
add,Copper,DSL,,VDSL2,HSI,NI,Retrieve ASM Information,2,24599,0.01,OPTIONAL
add,Copper,DSL,,VDSL2,HSI,NI,Update Speed Policy in ASM,2,24599,0.01,OPTIONAL
add,Copper,DSL,,VDSL2,HSI,NI,Add Subscriber in Calix Cloud,1,24599,0,OPTIONAL
add,Copper,DSL,,VDSL2,HSI,NI,Create Improv Account1,1,24599,0,OPTIONAL
add,Copper,DSL,,VDSL2,HSI,NI,O2 Order Completion:HELD,1,24599,0,OPTIONAL
add,Copper,DSL,,VDSL2,HSI,NI,Wait For RG Association Event,1,24599,0,OPTIONAL
add,Copper,POTS,,,VOICE,NI,O2 Reserve TN,2799,3355,83.43,EXPECTED
add,Copper,POTS,,,VOICE,NI,Product Order for Copper OTC,2616,3355,77.97,EXPECTED
add,Copper,POTS,,,VOICE,NI,Wait for Due Date,2529,3355,75.38,EXPECTED
add,Copper,POTS,,,VOICE,NI,Update Correlation in Dispatch,2377,3355,70.85,EXPECTED
add,Copper,POTS,,,VOICE,NI,Create Customer Record,2311,3355,68.88,OPTIONAL
add,Copper,POTS,,,VOICE,NI,O2 Service Order Assign,2217,3355,66.08,OPTIONAL
add,Copper,POTS,,,VOICE,NI,Activate Service in O2 - POTS,2128,3355,63.43,OPTIONAL
add,Copper,POTS,,,VOICE,NI,Send Data to ALI DB,2117,3355,63.1,OPTIONAL
add,Copper,POTS,,,VOICE,NI,Get O2 CountyCode,2097,3355,62.5,OPTIONAL
add,Copper,POTS,,,VOICE,NI,O2 Order Completion,2008,3355,59.85,OPTIONAL
add,Copper,POTS,,,VOICE,NI,Create Dispatch Planning Job,1924,3355,57.35,OPTIONAL
add,Copper,POTS,,,VOICE,NI,Create Directory Listing,1922,3355,57.29,OPTIONAL
add,Copper,POTS,,,VOICE,NI,Notify Order Ready for Dispatch,1919,3355,57.2,OPTIONAL
add,Copper,POTS,,,VOICE,NI,Wait for Job Completion,1916,3355,57.11,OPTIONAL
add,Copper,POTS,,,VOICE,NI,Wait for O2 Notifications,1533,3355,45.69,OPTIONAL
add,Copper,POTS,,,VOICE,NI,Enterprise Create Subscription Order,1252,3355,37.32,OPTIONAL
add,Copper,POTS,,,VOICE,NI,Create Native TN Order,1169,3355,34.84,OPTIONAL
add,Copper,POTS,,,VOICE,NI,Undo:Create Customer Record in BOSS-OM,1040,3355,31,OPTIONAL
add,Copper,POTS,,,VOICE,NI,Reschedule due date in O2,899,3355,26.8,OPTIONAL
add,Copper,POTS,,,VOICE,NI,Create CNAM Order,740,3355,22.06,OPTIONAL
add,Copper,POTS,,,VOICE,NI,Undo:Create Dispatch Planning Job,648,3355,19.31,OPTIONAL
add,Copper,POTS,,,VOICE,NI,Create Subscription Order in BRIM,623,3355,18.57,OPTIONAL
add,Copper,POTS,,,VOICE,NI,Undo: O2 Service Order Assign,598,3355,17.82,OPTIONAL
add,Copper,POTS,,,VOICE,NI,Start Billing,563,3355,16.78,OPTIONAL
add,Copper,POTS,,,VOICE,NI,BRIM:Convert BAN in Biller,561,3355,16.72,OPTIONAL
add,Copper,POTS,,,VOICE,NI,Wait for O2 Notifications:PGMG ERR,534,3355,15.92,OPTIONAL
add,Copper,POTS,,,VOICE,NI,Get LRN for Portin,457,3355,13.62,OPTIONAL
add,Copper,POTS,,,VOICE,NI,Create portin request,386,3355,11.51,OPTIONAL
add,Copper,POTS,,,VOICE,NI,Get Order Details from O2,331,3355,9.87,OPTIONAL
add,Copper,POTS,,,VOICE,NI,BRIM:BAN Payment Posting for Deposit,289,3355,8.61,OPTIONAL
add,Copper,POTS,,,VOICE,NI,Wholesale Create Subscription Order,241,3355,7.18,OPTIONAL
add,Copper,POTS,,,VOICE,NI,Activate Ancillary Systems,198,3355,5.9,OPTIONAL
add,Copper,POTS,,,VOICE,NI,Undo: BRIM Cancel Pending Subscription,184,3355,5.48,OPTIONAL
add,Copper,POTS,,,VOICE,NI,CE Self Install,117,3355,3.49,OPTIONAL
add,Copper,POTS,,,VOICE,NI,Activate Service,109,3355,3.25,OPTIONAL
add,Copper,POTS,,,VOICE,NI,Update upstreamOnHold at Dispatch,92,3355,2.74,OPTIONAL
add,Copper,POTS,,,VOICE,NI,Undo: Create Portin Request,62,3355,1.85,OPTIONAL
add,Copper,POTS,,,VOICE,NI,Update tech remarks in Dispatch,62,3355,1.85,OPTIONAL
add,Copper,POTS,,,VOICE,NI,Wait for O2 Notifications:HELD,56,3355,1.67,OPTIONAL
add,Copper,POTS,,,VOICE,NI,Reschedule due date in Neustar,55,3355,1.64,OPTIONAL
add,Copper,POTS,,,VOICE,NI,O2 Order Completion:PGMG ERR,30,3355,0.89,OPTIONAL
add,Copper,POTS,,,VOICE,NI,Verify old location disconnect Provisioning Completion,30,3355,0.89,OPTIONAL
add,Copper,POTS,,,VOICE,NI,Update Subscription in BRIM,24,3355,0.72,OPTIONAL
add,Copper,POTS,,,VOICE,NI,Wait for CO Job Completion,23,3355,0.69,OPTIONAL
add,Copper,POTS,,,VOICE,NI,BRIM:BAN Payment Posting for Non Deposit,21,3355,0.63,OPTIONAL
add,Copper,POTS,,,VOICE,NI,Create CO Dispatch,16,3355,0.48,OPTIONAL
add,Copper,POTS,,,VOICE,NI,Product Order for Copper Addon,15,3355,0.45,OPTIONAL
add,Copper,POTS,,,VOICE,NI,Wait for Disconnect Order Completion,14,3355,0.42,OPTIONAL
add,Copper,POTS,,,VOICE,NI,Get BSW Status from C360,11,3355,0.33,OPTIONAL
add,Copper,POTS,,,VOICE,NI,Undo: Create Buried Drop Order,10,3355,0.3,OPTIONAL
add,Copper,POTS,,,VOICE,NI,Wait for O2 Notifications:CONF,10,3355,0.3,OPTIONAL
add,Copper,POTS,,,VOICE,NI,Revision Create ESR Native Order,8,3355,0.24,OPTIONAL
add,Copper,POTS,,,VOICE,NI,Undo: Create Native TN Order,8,3355,0.24,OPTIONAL
add,Copper,POTS,,,VOICE,NI,Update Local Contact Details,8,3355,0.24,OPTIONAL
add,Copper,POTS,,,VOICE,NI,Redo: Create Dispatch Planning Job,7,3355,0.21,OPTIONAL
add,Copper,POTS,,,VOICE,NI,Undo:Create CO Dispatch,7,3355,0.21,OPTIONAL
add,Copper,POTS,,,VOICE,NI,Wait for O2 Notifications:IPDG,6,3355,0.18,OPTIONAL
add,Copper,POTS,,,VOICE,NI,Revision:Activate Service,4,3355,0.12,OPTIONAL
add,Copper,POTS,,,VOICE,NI,Revision:O2 Service Order Assign,4,3355,0.12,OPTIONAL
add,Copper,POTS,,,VOICE,NI,Hot Cut Set-up,3,3355,0.09,OPTIONAL
add,Copper,POTS,,,VOICE,NI,Revision:Wait for Due Date,3,3355,0.09,OPTIONAL
add,Copper,POTS,,,VOICE,NI,Create portin request Clean,2,3355,0.06,OPTIONAL
add,Copper,POTS,,,VOICE,NI,Disconnect Directory Listing,2,3355,0.06,OPTIONAL
add,Copper,POTS,,,VOICE,NI,O2 Reserve TN Clean,2,3355,0.06,OPTIONAL
add,Copper,POTS,,,VOICE,NI,Put Dispatch On Hold,2,3355,0.06,OPTIONAL
add,Copper,POTS,,,VOICE,NI,Revision Billing Create Subscription,2,3355,0.06,OPTIONAL
add,Copper,POTS,,,VOICE,NI,Create Improv Account,1,3355,0.03,OPTIONAL
add,Copper,POTS,,,VOICE,NI,Create Portin Request,1,3355,0.03,OPTIONAL
add,Copper,POTS,,,VOICE,NI,Get Facility details,1,3355,0.03,OPTIONAL
add,Copper,POTS,,,VOICE,NI,O2 Order Completion:CONF,1,3355,0.03,OPTIONAL
add,Copper,POTS,,,VOICE,NI,O2 Order Completion:HELD,1,3355,0.03,OPTIONAL
add,Copper,POTS,,,VOICE,NI,Product Order for Copper DSL,1,3355,0.03,OPTIONAL
add,Copper,POTS,,,VOICE,NI,Release Dispatch From Hold,1,3355,0.03,OPTIONAL
add,Copper,POTS,,,VOICE,NI,Retrieve BRAS Circuit ID,1,3355,0.03,OPTIONAL
add,Copper,POTS,,,VOICE,NI,Wait for ACS Notification,1,3355,0.03,OPTIONAL
add,Copper,POTS,,,VOICE,NI,Wait for O2 Notifications:CPDG,1,3355,0.03,OPTIONAL
add,Copper,POTS,,,VOICE,NI,Wholesale - Create Subscription Order,1,3355,0.03,OPTIONAL
add,GPON,Fiber Internet,F,GPON,Quantum Fiber,NI,Product Order for Fiber Voice TechInstall,12406,12442,99.71,MANDATORY
add,GPON,Fiber Internet,F,GPON,Quantum Fiber,NI,Product Order for Fiber OTC Waiver,12388,12442,99.57,MANDATORY
add,GPON,Fiber Internet,F,GPON,Quantum Fiber,NI,Update Correlation in Dispatch,12378,12442,99.49,MANDATORY
add,GPON,Fiber Internet,F,GPON,Quantum Fiber,NI,BRIM:Convert BAN in Biller,12053,12442,96.87,MANDATORY
add,GPON,Fiber Internet,F,GPON,Quantum Fiber,NI,Get O2 Facility Details,11982,12442,96.3,MANDATORY
add,GPON,Fiber Internet,F,GPON,Quantum Fiber,NI,Notify Order Ready for Dispatch,11936,12442,95.93,MANDATORY
add,GPON,Fiber Internet,F,GPON,Quantum Fiber,NI,Wait for Job Completion,11936,12442,95.93,MANDATORY
add,GPON,Fiber Internet,F,GPON,Quantum Fiber,NI,Create Subscription Order in BRIM,10943,12442,87.95,EXPECTED
add,GPON,Fiber Internet,F,GPON,Quantum Fiber,NI,Create Customer Record,10091,12442,81.1,EXPECTED
add,GPON,Fiber Internet,F,GPON,Quantum Fiber,NI,Create Dispatch Planning Job,10064,12442,80.89,EXPECTED
add,GPON,Fiber Internet,F,GPON,Quantum Fiber,NI,Create Improv Account,9984,12442,80.24,EXPECTED
add,GPON,Fiber Internet,F,GPON,Quantum Fiber,NI,O2 Service Order Assign,9978,12442,80.2,EXPECTED
add,GPON,Fiber Internet,F,GPON,Quantum Fiber,NI,Update Address Info from AMS,9481,12442,76.2,EXPECTED
add,GPON,Fiber Internet,F,GPON,Quantum Fiber,NI,Wait for Tech Install,9475,12442,76.15,EXPECTED
add,GPON,Fiber Internet,F,GPON,Quantum Fiber,NI,Activate ONT,9088,12442,73.04,EXPECTED
add,GPON,Fiber Internet,F,GPON,Quantum Fiber,NI,Get ONT Status,9056,12442,72.79,EXPECTED
add,GPON,Fiber Internet,F,GPON,Quantum Fiber,NI,Start Billing,8794,12442,70.68,EXPECTED
add,GPON,Fiber Internet,F,GPON,Quantum Fiber,NI,O2 LR Initiation,8793,12442,70.67,EXPECTED
add,GPON,Fiber Internet,F,GPON,Quantum Fiber,NI,Get CPE Inventory,8790,12442,70.65,EXPECTED
add,GPON,Fiber Internet,F,GPON,Quantum Fiber,NI,O2 Order Completion,8740,12442,70.25,EXPECTED
add,GPON,Fiber Internet,F,GPON,Quantum Fiber,NI,Revision: O2 Initiate Programming,7667,12442,61.62,OPTIONAL
add,GPON,Fiber Internet,F,GPON,Quantum Fiber,NI,O2 Initiate Programming,4321,12442,34.73,OPTIONAL
add,GPON,Fiber Internet,F,GPON,Quantum Fiber,NI,BRIM:BAN Payment Posting for Deposit,3232,12442,25.98,OPTIONAL
add,GPON,Fiber Internet,F,GPON,Quantum Fiber,NI,Wait for Due Date,2473,12442,19.88,OPTIONAL
add,GPON,Fiber Internet,F,GPON,Quantum Fiber,NI,Reschedule due date in O2,2399,12442,19.28,OPTIONAL
add,GPON,Fiber Internet,F,GPON,Quantum Fiber,NI,Undo:Create Customer Record in BOSS-OM,2343,12442,18.83,OPTIONAL
add,GPON,Fiber Internet,F,GPON,Quantum Fiber,NI,Undo:Create Dispatch Planning Job,2337,12442,18.78,OPTIONAL
add,GPON,Fiber Internet,F,GPON,Quantum Fiber,NI,Cancel O2 Service Order Assign,1981,12442,15.92,OPTIONAL
add,GPON,Fiber Internet,F,GPON,Quantum Fiber,NI,Cancel Improv Account,1972,12442,15.85,OPTIONAL
add,GPON,Fiber Internet,F,GPON,Quantum Fiber,NI,Get BSW Status from C360,1971,12442,15.84,OPTIONAL
add,GPON,Fiber Internet,F,GPON,Quantum Fiber,NI,Put Dispatch On Hold,1341,12442,10.78,OPTIONAL
add,GPON,Fiber Internet,F,GPON,Quantum Fiber,NI,Undo: BRIM Cancel Pending Subscription,1097,12442,8.82,OPTIONAL
add,GPON,Fiber Internet,F,GPON,Quantum Fiber,NI,Create Buried Drop Order,1060,12442,8.52,OPTIONAL
add,GPON,Fiber Internet,F,GPON,Quantum Fiber,NI,Release Dispatch From Hold,692,12442,5.56,OPTIONAL
add,GPON,Fiber Internet,F,GPON,Quantum Fiber,NI,Wait for Disconnect Order Completion,568,12442,4.57,OPTIONAL
add,GPON,Fiber Internet,F,GPON,Quantum Fiber,NI,Undo: Create Buried Drop Order,539,12442,4.33,OPTIONAL
add,GPON,Fiber Internet,F,GPON,Quantum Fiber,NI,Update upstreamOnHold at Dispatch,385,12442,3.09,OPTIONAL
add,GPON,Fiber Internet,F,GPON,Quantum Fiber,NI,Release Order From Dispatch,271,12442,2.18,OPTIONAL
add,GPON,Fiber Internet,F,GPON,Quantum Fiber,NI,Update tech remarks in Dispatch,224,12442,1.8,OPTIONAL
add,GPON,Fiber Internet,F,GPON,Quantum Fiber,NI,Disconnect DSL,116,12442,0.93,OPTIONAL
add,GPON,Fiber Internet,F,GPON,Quantum Fiber,NI,Revision: O2 Service Order Assign,77,12442,0.62,OPTIONAL
add,GPON,Fiber Internet,F,GPON,Quantum Fiber,NI,O2 Order Completion:PGMG ERR,52,12442,0.42,OPTIONAL
add,GPON,Fiber Internet,F,GPON,Quantum Fiber,NI,Notify Dispatch - Delayed BSW,35,12442,0.28,OPTIONAL
add,GPON,Fiber Internet,F,GPON,Quantum Fiber,NI,Re do Create Improv Account,20,12442,0.16,OPTIONAL
add,GPON,Fiber Internet,F,GPON,Quantum Fiber,NI,Revise : Update Address Info from AMS,15,12442,0.12,OPTIONAL
add,GPON,Fiber Internet,F,GPON,Quantum Fiber,NI,Redo O2 Order Completion,11,12442,0.09,OPTIONAL
add,GPON,Fiber Internet,F,GPON,Quantum Fiber,NI,Revision: Reject Previous Subscription in BRIM,9,12442,0.07,OPTIONAL
add,GPON,Fiber Internet,F,GPON,Quantum Fiber,NI,Revision:Create Subscription Order in BRIM,9,12442,0.07,OPTIONAL
add,GPON,Fiber Internet,F,GPON,Quantum Fiber,NI,Redo: Create Dispatch Planning Job,8,12442,0.06,OPTIONAL
add,GPON,Fiber Internet,F,GPON,Quantum Fiber,NI,Wait for DSL Billing Cancellation,8,12442,0.06,OPTIONAL
add,GPON,Fiber Internet,F,GPON,Quantum Fiber,NI,Create DSL Disconnect Order,6,12442,0.05,OPTIONAL
add,GPON,Fiber Internet,F,GPON,Quantum Fiber,NI,Revision: Get O2 Facility Details,6,12442,0.05,OPTIONAL
add,GPON,Fiber Internet,F,GPON,Quantum Fiber,NI,Re do O2 Service Order Assign,5,12442,0.04,OPTIONAL
add,GPON,Fiber Internet,F,GPON,Quantum Fiber,NI,Revision: Update Account in BRIM,4,12442,0.03,OPTIONAL
add,GPON,Fiber Internet,F,GPON,Quantum Fiber,NI,,3,12442,0.02,OPTIONAL
add,GPON,Fiber Internet,F,GPON,Quantum Fiber,NI,Product Order for Value Added Services,3,12442,0.02,OPTIONAL
add,GPON,Fiber Internet,F,GPON,Quantum Fiber,NI,O2 Order Completion:HELD,2,12442,0.02,OPTIONAL
add,GPON,Fiber Internet,F,GPON,Quantum Fiber,NI,Update Subscription in BRIM,2,12442,0.02,OPTIONAL
add,GPON,Fiber Internet,F,GPON,Quantum Fiber,NI,Activate ONT in EMS,1,12442,0.01,OPTIONAL
add,GPON,Fiber Internet,F,GPON,Quantum Fiber,NI,Assign Fiber Voice TechInstall in BOSS-IM,1,12442,0.01,OPTIONAL
add,GPON,Fiber Internet,F,GPON,Quantum Fiber,NI,Revision: Update Correlation in Dispatch,1,12442,0.01,OPTIONAL
add,GPON,fQF Internet,F,,HSI,NI,Product Order for Quantum Fiber Discounts,50225,50244,99.96,MANDATORY
add,GPON,fQF Internet,F,,HSI,NI,Product Order for fQF TechInstall,50209,50244,99.93,MANDATORY
add,GPON,fQF Internet,F,,HSI,NI,Update Correlation in Dispatch,50098,50244,99.71,MANDATORY
add,GPON,fQF Internet,F,,HSI,NI,Get O2 Facility Details,49022,50244,97.57,MANDATORY
add,GPON,fQF Internet,F,,HSI,NI,Notify Order Ready for Dispatch,48907,50244,97.34,MANDATORY
add,GPON,fQF Internet,F,,HSI,NI,Wait for Job Completion,48902,50244,97.33,MANDATORY
add,GPON,fQF Internet,F,,HSI,NI,O2 Initiate Programming,48687,50244,96.9,MANDATORY
add,GPON,fQF Internet,F,,HSI,NI,Activate ONT,42335,50244,84.26,EXPECTED
add,GPON,fQF Internet,F,,HSI,NI,Get ONT Status,42243,50244,84.08,EXPECTED
add,GPON,fQF Internet,F,,HSI,NI,O2 Service Order Assign,41750,50244,83.09,EXPECTED
add,GPON,fQF Internet,F,,HSI,NI,Create Improv Account,41517,50244,82.63,EXPECTED
add,GPON,fQF Internet,F,,HSI,NI,Update Billing,41491,50244,82.58,EXPECTED
add,GPON,fQF Internet,F,,HSI,NI,Create Customer Record,41463,50244,82.52,EXPECTED
add,GPON,fQF Internet,F,,HSI,NI,O2 LR Initiation,41386,50244,82.37,EXPECTED
add,GPON,fQF Internet,F,,HSI,NI,Get CPE Inventory,41382,50244,82.36,EXPECTED
add,GPON,fQF Internet,F,,HSI,NI,Initiate Billing,41382,50244,82.36,EXPECTED
add,GPON,fQF Internet,F,,HSI,NI,Create Dispatch Planning Job,41245,50244,82.09,EXPECTED
add,GPON,fQF Internet,F,,HSI,NI,O2 Order Completion,41239,50244,82.08,EXPECTED
add,GPON,fQF Internet,F,,HSI,NI,Update Address Info from AMS,38074,50244,75.78,EXPECTED
add,GPON,fQF Internet,F,,HSI,NI,Wait for Tech Install,38012,50244,75.65,EXPECTED
add,GPON,fQF Internet,F,,HSI,NI,Reschedule due date in O2,14342,50244,28.54,OPTIONAL
add,GPON,fQF Internet,F,,HSI,NI,Get BSW Status from C360,14028,50244,27.92,OPTIONAL
add,GPON,fQF Internet,F,,HSI,NI,Create Buried Drop Order,10954,50244,21.8,OPTIONAL
add,GPON,fQF Internet,F,,HSI,NI,Wait for Due Date,10906,50244,21.71,OPTIONAL
add,GPON,fQF Internet,F,,HSI,NI,Undo:Create Customer Record in BOSS-OM,8726,50244,17.37,OPTIONAL
add,GPON,fQF Internet,F,,HSI,NI,Undo:Create Dispatch Planning Job,8717,50244,17.35,OPTIONAL
add,GPON,fQF Internet,F,,HSI,NI,Undo: Billing,7871,50244,15.67,OPTIONAL
add,GPON,fQF Internet,F,,HSI,NI,Cancel O2 Service Order Assign,7533,50244,14.99,OPTIONAL
add,GPON,fQF Internet,F,,HSI,NI,Cancel Improv Account,7485,50244,14.9,OPTIONAL
add,GPON,fQF Internet,F,,HSI,NI,Product Order for Device Type,4518,50244,8.99,OPTIONAL
add,GPON,fQF Internet,F,,HSI,NI,Notify Dispatch - Delayed BSW,3373,50244,6.71,OPTIONAL
add,GPON,fQF Internet,F,,HSI,NI,Disconnect DSL,2933,50244,5.84,OPTIONAL
add,GPON,fQF Internet,F,,HSI,NI,Update upstreamOnHold at Dispatch,2707,50244,5.39,OPTIONAL
add,GPON,fQF Internet,F,,HSI,NI,Undo: Create Buried Drop Order,1525,50244,3.04,OPTIONAL
add,GPON,fQF Internet,F,,HSI,NI,Wait for Disconnect Order Completion,1215,50244,2.42,OPTIONAL
add,GPON,fQF Internet,F,,HSI,NI,Update tech remarks in Dispatch,797,50244,1.59,OPTIONAL
add,GPON,fQF Internet,F,,HSI,NI,Get BSW Status,598,50244,1.19,OPTIONAL
add,GPON,fQF Internet,F,,HSI,NI,Create DSL Disconnect Order,488,50244,0.97,OPTIONAL
add,GPON,fQF Internet,F,,HSI,NI,Wait for DSL Billing Cancellation,481,50244,0.96,OPTIONAL
add,GPON,fQF Internet,F,,HSI,NI,Undo:Create Dispatch Planning Jobï»¿,214,50244,0.43,OPTIONAL
add,GPON,fQF Internet,F,,HSI,NI,O2 Order Completion:PGMG ERR,96,50244,0.19,OPTIONAL
add,GPON,fQF Internet,F,,HSI,NI,Assign Quantum Fiber Internet in BOSS-IM,49,50244,0.1,OPTIONAL
add,GPON,fQF Internet,F,,HSI,NI,Wait for VMDU Case Complete,33,50244,0.07,OPTIONAL
add,GPON,fQF Internet,F,,HSI,NI,Re do O2 Service Order Assign,32,50244,0.06,OPTIONAL
add,GPON,fQF Internet,F,,HSI,NI,Redo: Create Dispatch Planning Job,29,50244,0.06,OPTIONAL
add,GPON,fQF Internet,F,,HSI,NI,Put Dispatch On Hold,22,50244,0.04,OPTIONAL
add,GPON,fQF Internet,F,,HSI,NI,O2 Order Completion:HELD,8,50244,0.02,OPTIONAL
add,GPON,fQF Internet,F,,HSI,NI,,7,50244,0.01,OPTIONAL
add,GPON,fQF Internet,F,,HSI,NI,Redo O2 Order Completion,7,50244,0.01,OPTIONAL
add,GPON,fQF Internet,F,,HSI,NI,Redo: Revision Billing,6,50244,0.01,OPTIONAL
add,GPON,fQF Internet,F,,HSI,NI,Add Quantum Fiber Internet Service in EMS,4,50244,0.01,OPTIONAL
add,GPON,fQF Internet,F,,HSI,NI,Release Dispatch From Hold,4,50244,0.01,OPTIONAL
add,GPON,fQF Internet,F,,HSI,NI,Undo: O2 Service Order Assign,3,50244,0.01,OPTIONAL
add,GPON,fQF Internet,F,,HSI,NI,Release Order From Dispatch,2,50244,0,OPTIONAL
add,GPON,fQF Internet,F,,HSI,NI,Update Customer Record Address,2,50244,0,OPTIONAL
add,GPON,fQF Internet,F,,HSI,NI,Add Subscriber in Calix Cloud,1,50244,0,OPTIONAL
add,GPON,fQF Internet,F,,HSI,NI,Associate ONT In Calix Cloud,1,50244,0,OPTIONAL
add,GPON,fQF Internet,F,,HSI,NI,Associate Service in Calix Cloud,1,50244,0,OPTIONAL
add,GPON,fQF Internet,F,,HSI,NI,Change O2 Speed,1,50244,0,OPTIONAL
add,GPON,fQF Internet,F,,HSI,NI,Get RG Mac Address,1,50244,0,OPTIONAL
add,GPON,fQF Internet,F,,HSI,NI,Get RG Serial Number from EMS,1,50244,0,OPTIONAL
add,GPON,fQF Internet,F,,HSI,NI,Get Subscription ID from Zoura,1,50244,0,OPTIONAL
add,GPON,fQF Internet,F,,HSI,NI,IMPROV Remove DTN from wallled,1,50244,0,OPTIONAL
add,GPON,fQF Internet,F,,HSI,NI,Improv Update speed,1,50244,0,OPTIONAL
add,GPON,fQF Internet,F,,HSI,NI,Product Order for BrightSpeed Discounts,1,50244,0,OPTIONAL
add,GPON,fQF Internet,F,,HSI,NI,Product Order for BrightSpeed Internet,1,50244,0,OPTIONAL
add,GPON,fQF Internet,F,,HSI,NI,Product Order for BrightSpeed TechInstall,1,50244,0,OPTIONAL
add,GPON,fQF Internet,F,,HSI,NI,Re do Create Improv Account,1,50244,0,OPTIONAL
add,GPON,fQF Internet,F,,HSI,NI,Retrieve ASM Information,1,50244,0,OPTIONAL
add,GPON,fQF Internet,F,,HSI,NI,Revise : Update Address Info from AMS,1,50244,0,OPTIONAL
add,GPON,fQF Internet,F,,HSI,NI,Undo: Create Improv Account,1,50244,0,OPTIONAL
add,GPON,fQF Internet,F,,HSI,NI,Update Speed Policy in ASM,1,50244,0,OPTIONAL
add,GPON,fQF Internet,F,,HSI,NI,Update order completion in BOSS IM for Data,1,50244,0,OPTIONAL
add,GPON,fQF Internet,F,,HSI,NI,Update: Associate Device in Calix Cloud,1,50244,0,OPTIONAL
add,GPON,fQF Internet,F,,HSI,NI,Wait For RG Association Event,1,50244,0,OPTIONAL
add,XGSPON,BrightSpeed Internet,F,,,,Product Order for BrightSpeed Discounts,359414,359497,99.98,MANDATORY
add,XGSPON,BrightSpeed Internet,F,,,,Product Order for BrightSpeed TechInstall,359310,359497,99.95,MANDATORY
add,XGSPON,BrightSpeed Internet,F,,,,Update Correlation in Dispatch,358690,359497,99.78,MANDATORY
add,XGSPON,BrightSpeed Internet,F,,,,Wait for Job Completion,350772,359497,97.57,MANDATORY
add,XGSPON,BrightSpeed Internet,F,,,,Notify Order Ready for Dispatch,350768,359497,97.57,MANDATORY
add,XGSPON,BrightSpeed Internet,F,,,,Wait for Tech Install,325134,359497,90.44,EXPECTED
add,XGSPON,BrightSpeed Internet,F,,,,Associate ONT to Subscriber in EMS,321432,359497,89.41,EXPECTED
add,XGSPON,BrightSpeed Internet,F,,,,Assign BrightSpeed Internet in BOSS-IM,282455,359497,78.57,EXPECTED
add,XGSPON,BrightSpeed Internet,F,,,,Add Subscriber in Calix Cloud,279669,359497,77.79,EXPECTED
add,XGSPON,BrightSpeed Internet,F,,,,Associate Service in Calix Cloud,279513,359497,77.75,EXPECTED
add,XGSPON,BrightSpeed Internet,F,,,,Update Billing,279267,359497,77.68,EXPECTED
add,XGSPON,BrightSpeed Internet,F,,,,Create Customer Record,279160,359497,77.65,EXPECTED
add,XGSPON,BrightSpeed Internet,F,,,,Add BrightSpeed Internet Service in EMS,279151,359497,77.65,EXPECTED
add,XGSPON,BrightSpeed Internet,F,,,,Create Subscriber Record in EMS,278978,359497,77.6,EXPECTED
add,XGSPON,BrightSpeed Internet,F,,,,Activate ONT in EMS,278041,359497,77.34,EXPECTED
add,XGSPON,BrightSpeed Internet,F,,,,Create Dispatch Planning Job,277699,359497,77.25,EXPECTED
add,XGSPON,BrightSpeed Internet,F,,,,Update order completion in BOSS IM for Data,277604,359497,77.22,EXPECTED
add,XGSPON,BrightSpeed Internet,F,,,,Initiate Billing,277408,359497,77.17,EXPECTED
add,XGSPON,BrightSpeed Internet,F,,,,Get RG Serial Number from EMS,277398,359497,77.16,EXPECTED
add,XGSPON,BrightSpeed Internet,F,,,,Associate Device in Calix Cloud,275196,359497,76.55,EXPECTED
add,XGSPON,BrightSpeed Internet,F,,,,Associate ONT In Calix Cloud,274409,359497,76.33,EXPECTED
add,XGSPON,BrightSpeed Internet,F,,,,Retrieve ASM Information,273645,359497,76.12,EXPECTED
add,XGSPON,BrightSpeed Internet,F,,,,Update Speed Policy in ASM,273644,359497,76.12,EXPECTED
add,XGSPON,BrightSpeed Internet,F,,,,Get RG Mac Address,269325,359497,74.92,EXPECTED
add,XGSPON,BrightSpeed Internet,F,,,,Update Speed Policy in Radius,254511,359497,70.8,EXPECTED
add,XGSPON,BrightSpeed Internet,F,,,,Wait For RG Association Event,204626,359497,56.92,OPTIONAL
add,XGSPON,BrightSpeed Internet,F,,,,Get BSW Status from C360,97314,359497,27.07,OPTIONAL
add,XGSPON,BrightSpeed Internet,F,,,,Undo:Create Dispatch Planning Job,80006,359497,22.25,OPTIONAL
add,XGSPON,BrightSpeed Internet,F,,,,Undo:Create Customer Record in BOSS-OM,79872,359497,22.22,OPTIONAL
add,XGSPON,BrightSpeed Internet,F,,,,Undo: Billing,77395,359497,21.53,OPTIONAL
add,XGSPON,BrightSpeed Internet,F,,,,Undo: Assign BrightSpeed Internet in BOSS-IM,72245,359497,20.1,OPTIONAL
add,XGSPON,BrightSpeed Internet,F,,,,Undo: Create Subscriber Record in EMS,72089,359497,20.05,OPTIONAL
add,XGSPON,BrightSpeed Internet,F,,,,Undo: Add BrightSpeed Internet Service in EMS,72080,359497,20.05,OPTIONAL
add,XGSPON,BrightSpeed Internet,F,,,,Undo: Associate Service in Calix Cloud,71551,359497,19.9,OPTIONAL
add,XGSPON,BrightSpeed Internet,F,,,,Undo: Add Subscriber in Calix Cloud,71460,359497,19.88,OPTIONAL
add,XGSPON,BrightSpeed Internet,F,,,,Create Buried Drop Order,62901,359497,17.5,OPTIONAL
add,XGSPON,BrightSpeed Internet,F,,,,Undo: Associate ONT to Subscriber in EMS,29680,359497,8.26,OPTIONAL
add,XGSPON,BrightSpeed Internet,F,,,,Wait for Due Date,25865,359497,7.19,OPTIONAL
add,XGSPON,BrightSpeed Internet,F,,,,Disconnect DSL,24661,359497,6.86,OPTIONAL
add,XGSPON,BrightSpeed Internet,F,,,,Notify Dispatch - Delayed BSW,22091,359497,6.14,OPTIONAL
add,XGSPON,BrightSpeed Internet,F,,,,Update upstreamOnHold at Dispatch,16214,359497,4.51,OPTIONAL
add,XGSPON,BrightSpeed Internet,F,,,,Undo: Create Buried Drop Order,15595,359497,4.34,OPTIONAL
add,XGSPON,BrightSpeed Internet,F,,,,Create DSL Disconnect Order,15166,359497,4.22,OPTIONAL
add,XGSPON,BrightSpeed Internet,F,,,,Wait for DSL Billing Cancellation,14604,359497,4.06,OPTIONAL
add,XGSPON,BrightSpeed Internet,F,,,,Wait for Disconnect Order Completion,4150,359497,1.15,OPTIONAL
add,XGSPON,BrightSpeed Internet,F,,,,Update tech remarks in Dispatch,3546,359497,0.99,OPTIONAL
add,XGSPON,BrightSpeed Internet,F,,,,Put Dispatch On Hold,2038,359497,0.57,OPTIONAL
add,XGSPON,BrightSpeed Internet,F,,,,Wait for VMDU Case Complete,1734,359497,0.48,OPTIONAL
add,XGSPON,BrightSpeed Internet,F,,,,Get BSW Status,1565,359497,0.44,OPTIONAL
add,XGSPON,BrightSpeed Internet,F,,,,Undo:Create Dispatch Planning Jobï»¿,1242,359497,0.35,OPTIONAL
add,XGSPON,BrightSpeed Internet,F,,,,Update ONT Activation Response to BOSS IM,1213,359497,0.34,OPTIONAL
add,XGSPON,BrightSpeed Internet,F,,,,Release Dispatch From Hold,905,359497,0.25,OPTIONAL
add,XGSPON,BrightSpeed Internet,F,,,,Update Customer Record Address,894,359497,0.25,OPTIONAL
add,XGSPON,BrightSpeed Internet,F,,,,Release Order From Dispatch,856,359497,0.24,OPTIONAL
add,XGSPON,BrightSpeed Internet,F,,,,Dispatch Address Update,722,359497,0.2,OPTIONAL
add,XGSPON,BrightSpeed Internet,F,,,,Undo: Update Speed Policy in Radius,478,359497,0.13,OPTIONAL
add,XGSPON,BrightSpeed Internet,F,,,,Update: Create Subscriber Record in EMS,241,359497,0.07,OPTIONAL
add,XGSPON,BrightSpeed Internet,F,,,,Update: Add Subscriber in Calix Cloud,235,359497,0.07,OPTIONAL
add,XGSPON,BrightSpeed Internet,F,,,,Revise: Associate Service in Calix Cloud,226,359497,0.06,OPTIONAL
add,XGSPON,BrightSpeed Internet,F,,,,CE Self Install,217,359497,0.06,OPTIONAL
add,XGSPON,BrightSpeed Internet,F,,,,Redo: Create ONT,217,359497,0.06,OPTIONAL
add,XGSPON,BrightSpeed Internet,F,,,,Initiate Shipment - Router,212,359497,0.06,OPTIONAL
add,XGSPON,BrightSpeed Internet,F,,,,Wait for Shipment Confirmation - Router,212,359497,0.06,OPTIONAL
add,XGSPON,BrightSpeed Internet,F,,,,Wait for Delivery Confirmation - Router,211,359497,0.06,OPTIONAL
add,XGSPON,BrightSpeed Internet,F,,,,Activate Existing ONT in EMS,127,359497,0.04,OPTIONAL
add,XGSPON,BrightSpeed Internet,F,,,,Redo: Create Dispatch Planning Job,120,359497,0.03,OPTIONAL
add,XGSPON,BrightSpeed Internet,F,,,,Revise: Associate Device in Calix Cloud,108,359497,0.03,OPTIONAL
add,XGSPON,BrightSpeed Internet,F,,,,Undo&Redo: Create Service,94,359497,0.03,OPTIONAL
add,XGSPON,BrightSpeed Internet,F,,,,Undo: Associate Device in Calix Cloud,68,359497,0.02,OPTIONAL
add,XGSPON,BrightSpeed Internet,F,,,,Redo: Revision Billing,57,359497,0.02,OPTIONAL
add,XGSPON,BrightSpeed Internet,F,,,,Initiating Rip in BOSS IM and Calix,43,359497,0.01,OPTIONAL
add,XGSPON,BrightSpeed Internet,F,,,,Update ONT Profile in BOSS IM,41,359497,0.01,OPTIONAL
add,XGSPON,BrightSpeed Internet,F,,,,Undo: Update: Create Subscriber Record in EMS,40,359497,0.01,OPTIONAL
add,XGSPON,BrightSpeed Internet,F,,,,Undo: Undo: Add BrightSpeed Internet Service in EMS,29,359497,0.01,OPTIONAL
add,XGSPON,BrightSpeed Internet,F,,,,Get ONT serial number from EMS,27,359497,0.01,OPTIONAL
add,XGSPON,BrightSpeed Internet,F,,,,Undo: Undo: Associate ONT to Subscriber in EMS,23,359497,0.01,OPTIONAL
add,XGSPON,BrightSpeed Internet,F,,,,Initiating Rebuild in BOSS IM and Calix,22,359497,0.01,OPTIONAL
add,XGSPON,BrightSpeed Internet,F,,,,Undo: Undo: Create Subscriber Record in EMS,21,359497,0.01,OPTIONAL
add,XGSPON,BrightSpeed Internet,F,,,,Undo: Undo&Redo: Create Service,13,359497,0,OPTIONAL
add,XGSPON,BrightSpeed Internet,F,,,,Update Calix Service Mapping,10,359497,0,OPTIONAL
add,XGSPON,BrightSpeed Internet,F,,,,Update Serial Number BOSS IM,10,359497,0,OPTIONAL
add,XGSPON,BrightSpeed Internet,F,,,,O2 Service Order Assign,8,359497,0,OPTIONAL
add,XGSPON,BrightSpeed Internet,F,,,,Undo&Redo: Add Fiber Internet Service in EMS,8,359497,0,OPTIONAL
add,XGSPON,BrightSpeed Internet,F,,,,Create Improv Account,7,359497,0,OPTIONAL
add,XGSPON,BrightSpeed Internet,F,,,,Get O2 Facility Details,7,359497,0,OPTIONAL
add,XGSPON,BrightSpeed Internet,F,,,,O2 Initiate Programming,7,359497,0,OPTIONAL
add,XGSPON,BrightSpeed Internet,F,,,,Update: Associate Device in Calix Cloud,6,359497,0,OPTIONAL
add,XGSPON,BrightSpeed Internet,F,,,,Get Subscription ID from Zoura,5,359497,0,OPTIONAL
add,XGSPON,BrightSpeed Internet,F,,,,Activate ONT,4,359497,0,OPTIONAL
add,XGSPON,BrightSpeed Internet,F,,,,Billing Update Subscription,4,359497,0,OPTIONAL
add,XGSPON,BrightSpeed Internet,F,,,,Assign BrightSpeed Discounts in BOSS-IM,3,359497,0,OPTIONAL
add,XGSPON,BrightSpeed Internet,F,,,,Get Information for Disconnection,3,359497,0,OPTIONAL
add,XGSPON,BrightSpeed Internet,F,,,,Get ONT Status,2,359497,0,OPTIONAL
add,XGSPON,BrightSpeed Internet,F,,,,O2 Order Completion,2,359497,0,OPTIONAL
add,XGSPON,BrightSpeed Internet,F,,,, Add BrightSpeed Internet Service in EMS,1,359497,0,OPTIONAL
add,XGSPON,BrightSpeed Internet,F,,,,Activate ONT in EMS_OLD,1,359497,0,OPTIONAL
add,XGSPON,BrightSpeed Internet,F,,,,BRIM:Convert BAN in Biller,1,359497,0,OPTIONAL
add,XGSPON,BrightSpeed Internet,F,,,,Create Service,1,359497,0,OPTIONAL
add,XGSPON,BrightSpeed Internet,F,,,,Get CPE Inventory,1,359497,0,OPTIONAL
add,XGSPON,BrightSpeed Internet,F,,,,Notify Order Ready for Dispatch_OLD,1,359497,0,OPTIONAL
add,XGSPON,BrightSpeed Internet,F,,,,Revision Billing,1,359497,0,OPTIONAL
add,XGSPON,BrightSpeed Internet,F,,,,Undo: Undo&Redo: Add Fiber Internet Service in EMS,1,359497,0,OPTIONAL
add,XGSPON,BrightSpeed Internet,F,,,,Undo: Undo: Assign BrightSpeed Internet in BOSS-IM,1,359497,0,OPTIONAL
add,XGSPON,BrightSpeed Internet,F,,,,Undo: Undo: Undo: Create Subscriber Record in EMS,1,359497,0,OPTIONAL
add,XGSPON,BrightSpeed Internet,F,,,,Undo: Undo: Undo: Undo: Create Subscriber Record in EMS,1,359497,0,OPTIONAL
add,XGSPON,BrightSpeed Internet,F,,,,Update Tech Notes,1,359497,0,OPTIONAL
add,XGSPON,BrightSpeed Internet,F,,,,Wait for Disconnect Order Completion_OLD,1,359497,0,OPTIONAL
add,XGSPON,BrightSpeed Internet,F,,,,s,1,359497,0,OPTIONAL
add,XGSPON,BrightSpeed Internet,F,,Brightspeed Fiber,NI,Product Order for BrightSpeed Discounts,43527,43559,99.93,MANDATORY
add,XGSPON,BrightSpeed Internet,F,,Brightspeed Fiber,NI,Product Order for BrightSpeed TechInstall,43526,43559,99.92,MANDATORY
add,XGSPON,BrightSpeed Internet,F,,Brightspeed Fiber,NI,Update Correlation in Dispatch,43281,43559,99.36,MANDATORY
add,XGSPON,BrightSpeed Internet,F,,Brightspeed Fiber,NI,Notify Order Ready for Dispatch,41540,43559,95.36,MANDATORY
add,XGSPON,BrightSpeed Internet,F,,Brightspeed Fiber,NI,Wait for Job Completion,41538,43559,95.36,MANDATORY
add,XGSPON,BrightSpeed Internet,F,,Brightspeed Fiber,NI,Update Speed Policy in Radius,41398,43559,95.04,MANDATORY
add,XGSPON,BrightSpeed Internet,F,,Brightspeed Fiber,NI,Associate ONT to Subscriber in EMS,40861,43559,93.81,EXPECTED
add,XGSPON,BrightSpeed Internet,F,,Brightspeed Fiber,NI,Wait for Tech Install,38055,43559,87.36,EXPECTED
add,XGSPON,BrightSpeed Internet,F,,Brightspeed Fiber,NI,Assign BrightSpeed Internet in BOSS-IM,30619,43559,70.29,EXPECTED
add,XGSPON,BrightSpeed Internet,F,,Brightspeed Fiber,NI,Update Billing,30230,43559,69.4,OPTIONAL
add,XGSPON,BrightSpeed Internet,F,,Brightspeed Fiber,NI,Create Customer Record,30202,43559,69.34,OPTIONAL
add,XGSPON,BrightSpeed Internet,F,,Brightspeed Fiber,NI,Add BrightSpeed Internet Service in EMS,30192,43559,69.31,OPTIONAL
add,XGSPON,BrightSpeed Internet,F,,Brightspeed Fiber,NI,Create Subscriber Record in EMS,30184,43559,69.29,OPTIONAL
add,XGSPON,BrightSpeed Internet,F,,Brightspeed Fiber,NI,Add Subscriber in Calix Cloud,30181,43559,69.29,OPTIONAL
add,XGSPON,BrightSpeed Internet,F,,Brightspeed Fiber,NI,Associate Service in Calix Cloud,30179,43559,69.28,OPTIONAL
add,XGSPON,BrightSpeed Internet,F,,Brightspeed Fiber,NI,Create Dispatch Planning Job,29994,43559,68.86,OPTIONAL
add,XGSPON,BrightSpeed Internet,F,,Brightspeed Fiber,NI,Update order completion in BOSS IM for Data,29670,43559,68.11,OPTIONAL
add,XGSPON,BrightSpeed Internet,F,,Brightspeed Fiber,NI,Initiate Billing,29635,43559,68.03,OPTIONAL
add,XGSPON,BrightSpeed Internet,F,,Brightspeed Fiber,NI,Get RG Mac Address,29540,43559,67.82,OPTIONAL
add,XGSPON,BrightSpeed Internet,F,,Brightspeed Fiber,NI,Activate ONT in EMS,29474,43559,67.66,OPTIONAL
add,XGSPON,BrightSpeed Internet,F,,Brightspeed Fiber,NI,Get RG Serial Number from EMS,29464,43559,67.64,OPTIONAL
add,XGSPON,BrightSpeed Internet,F,,Brightspeed Fiber,NI,Associate Device in Calix Cloud,29436,43559,67.58,OPTIONAL
add,XGSPON,BrightSpeed Internet,F,,Brightspeed Fiber,NI,Associate ONT In Calix Cloud,28968,43559,66.5,OPTIONAL
add,XGSPON,BrightSpeed Internet,F,,Brightspeed Fiber,NI,Retrieve ASM Information,26559,43559,60.97,OPTIONAL
add,XGSPON,BrightSpeed Internet,F,,Brightspeed Fiber,NI,Update Speed Policy in ASM,26559,43559,60.97,OPTIONAL
add,XGSPON,BrightSpeed Internet,F,,Brightspeed Fiber,NI,Undo:Create Dispatch Planning Job,13309,43559,30.55,OPTIONAL
add,XGSPON,BrightSpeed Internet,F,,Brightspeed Fiber,NI,Undo: Billing,13283,43559,30.49,OPTIONAL
add,XGSPON,BrightSpeed Internet,F,,Brightspeed Fiber,NI,Undo:Create Customer Record in BOSS-OM,13268,43559,30.46,OPTIONAL
add,XGSPON,BrightSpeed Internet,F,,Brightspeed Fiber,NI,Get BSW Status from C360,13103,43559,30.08,OPTIONAL
add,XGSPON,BrightSpeed Internet,F,,Brightspeed Fiber,NI,Undo: Assign BrightSpeed Internet in BOSS-IM,11598,43559,26.63,OPTIONAL
add,XGSPON,BrightSpeed Internet,F,,Brightspeed Fiber,NI,Undo: Associate Service in Calix Cloud,11569,43559,26.56,OPTIONAL
add,XGSPON,BrightSpeed Internet,F,,Brightspeed Fiber,NI,Undo: Add Subscriber in Calix Cloud,11558,43559,26.53,OPTIONAL
add,XGSPON,BrightSpeed Internet,F,,Brightspeed Fiber,NI,Undo: Add BrightSpeed Internet Service in EMS,11555,43559,26.53,OPTIONAL
add,XGSPON,BrightSpeed Internet,F,,Brightspeed Fiber,NI,Undo: Create Subscriber Record in EMS,11541,43559,26.5,OPTIONAL
add,XGSPON,BrightSpeed Internet,F,,Brightspeed Fiber,NI,Create Buried Drop Order,8686,43559,19.94,OPTIONAL
add,XGSPON,BrightSpeed Internet,F,,Brightspeed Fiber,NI,Wait for Due Date,3585,43559,8.23,OPTIONAL
add,XGSPON,BrightSpeed Internet,F,,Brightspeed Fiber,NI,Update upstreamOnHold at Dispatch,2759,43559,6.33,OPTIONAL
add,XGSPON,BrightSpeed Internet,F,,Brightspeed Fiber,NI,Undo: Create Buried Drop Order,2518,43559,5.78,OPTIONAL
add,XGSPON,BrightSpeed Internet,F,,Brightspeed Fiber,NI,Wait for DSL Billing Cancellation,2196,43559,5.04,OPTIONAL
add,XGSPON,BrightSpeed Internet,F,,Brightspeed Fiber,NI,Create DSL Disconnect Order,2159,43559,4.96,OPTIONAL
add,XGSPON,BrightSpeed Internet,F,,Brightspeed Fiber,NI,Notify Dispatch - Delayed BSW,2112,43559,4.85,OPTIONAL
add,XGSPON,BrightSpeed Internet,F,,Brightspeed Fiber,NI,Put Dispatch On Hold,1849,43559,4.24,OPTIONAL
add,XGSPON,BrightSpeed Internet,F,,Brightspeed Fiber,NI,Update ONT Activation Response to BOSS IM,1092,43559,2.51,OPTIONAL
add,XGSPON,BrightSpeed Internet,F,,Brightspeed Fiber,NI,Undo: Associate ONT to Subscriber in EMS,865,43559,1.99,OPTIONAL
add,XGSPON,BrightSpeed Internet,F,,Brightspeed Fiber,NI,Disconnect DSL,853,43559,1.96,OPTIONAL
add,XGSPON,BrightSpeed Internet,F,,Brightspeed Fiber,NI,Release Order From Dispatch,844,43559,1.94,OPTIONAL
add,XGSPON,BrightSpeed Internet,F,,Brightspeed Fiber,NI,Release Dispatch From Hold,827,43559,1.9,OPTIONAL
add,XGSPON,BrightSpeed Internet,F,,Brightspeed Fiber,NI,Wait for Disconnect Order Completion,584,43559,1.34,OPTIONAL
add,XGSPON,BrightSpeed Internet,F,,Brightspeed Fiber,NI,Update tech remarks in Dispatch,558,43559,1.28,OPTIONAL
add,XGSPON,BrightSpeed Internet,F,,Brightspeed Fiber,NI,Wait for VMDU Case Complete,519,43559,1.19,OPTIONAL
add,XGSPON,BrightSpeed Internet,F,,Brightspeed Fiber,NI,Undo: Update Speed Policy in Radius,382,43559,0.88,OPTIONAL
add,XGSPON,BrightSpeed Internet,F,,Brightspeed Fiber,NI,CE Self Install,217,43559,0.5,OPTIONAL
add,XGSPON,BrightSpeed Internet,F,,Brightspeed Fiber,NI,Initiate Shipment - Router,212,43559,0.49,OPTIONAL
add,XGSPON,BrightSpeed Internet,F,,Brightspeed Fiber,NI,Wait for Shipment Confirmation - Router,212,43559,0.49,OPTIONAL
add,XGSPON,BrightSpeed Internet,F,,Brightspeed Fiber,NI,Wait for Delivery Confirmation - Router,211,43559,0.48,OPTIONAL
add,XGSPON,BrightSpeed Internet,F,,Brightspeed Fiber,NI,Update Customer Record Address,132,43559,0.3,OPTIONAL
add,XGSPON,BrightSpeed Internet,F,,Brightspeed Fiber,NI,Dispatch Address Update,109,43559,0.25,OPTIONAL
add,XGSPON,BrightSpeed Internet,F,,Brightspeed Fiber,NI,Revise: Associate Device in Calix Cloud,71,43559,0.16,OPTIONAL
add,XGSPON,BrightSpeed Internet,F,,Brightspeed Fiber,NI,Activate Existing ONT in EMS,61,43559,0.14,OPTIONAL
add,XGSPON,BrightSpeed Internet,F,,Brightspeed Fiber,NI,Redo: Create ONT,55,43559,0.13,OPTIONAL
add,XGSPON,BrightSpeed Internet,F,,Brightspeed Fiber,NI,Update: Create Subscriber Record in EMS,44,43559,0.1,OPTIONAL
add,XGSPON,BrightSpeed Internet,F,,Brightspeed Fiber,NI,Initiating Rip in BOSS IM and Calix,43,43559,0.1,OPTIONAL
add,XGSPON,BrightSpeed Internet,F,,Brightspeed Fiber,NI,Revise: Associate Service in Calix Cloud,43,43559,0.1,OPTIONAL
add,XGSPON,BrightSpeed Internet,F,,Brightspeed Fiber,NI,Update: Add Subscriber in Calix Cloud,43,43559,0.1,OPTIONAL
add,XGSPON,BrightSpeed Internet,F,,Brightspeed Fiber,NI,Update ONT Profile in BOSS IM,41,43559,0.09,OPTIONAL
add,XGSPON,BrightSpeed Internet,F,,Brightspeed Fiber,NI,Undo&Redo: Create Service,37,43559,0.08,OPTIONAL
add,XGSPON,BrightSpeed Internet,F,,Brightspeed Fiber,NI,Redo: Revision Billing,30,43559,0.07,OPTIONAL
add,XGSPON,BrightSpeed Internet,F,,Brightspeed Fiber,NI,Initiating Rebuild in BOSS IM and Calix,22,43559,0.05,OPTIONAL
add,XGSPON,BrightSpeed Internet,F,,Brightspeed Fiber,NI,Get ONT serial number from EMS,20,43559,0.05,OPTIONAL
add,XGSPON,BrightSpeed Internet,F,,Brightspeed Fiber,NI,Undo: Update: Create Subscriber Record in EMS,11,43559,0.03,OPTIONAL
add,XGSPON,BrightSpeed Internet,F,,Brightspeed Fiber,NI,Undo: Undo&Redo: Create Service,10,43559,0.02,OPTIONAL
add,XGSPON,BrightSpeed Internet,F,,Brightspeed Fiber,NI,Update Serial Number BOSS IM,10,43559,0.02,OPTIONAL
add,XGSPON,BrightSpeed Internet,F,,Brightspeed Fiber,NI,Undo: Undo: Add BrightSpeed Internet Service in EMS,9,43559,0.02,OPTIONAL
add,XGSPON,BrightSpeed Internet,F,,Brightspeed Fiber,NI,Update Calix Service Mapping,9,43559,0.02,OPTIONAL
add,XGSPON,BrightSpeed Internet,F,,Brightspeed Fiber,NI,O2 Service Order Assign,7,43559,0.02,OPTIONAL
add,XGSPON,BrightSpeed Internet,F,,Brightspeed Fiber,NI,Redo: Create Dispatch Planning Job,7,43559,0.02,OPTIONAL
add,XGSPON,BrightSpeed Internet,F,,Brightspeed Fiber,NI,Undo&Redo: Add Fiber Internet Service in EMS,7,43559,0.02,OPTIONAL
add,XGSPON,BrightSpeed Internet,F,,Brightspeed Fiber,NI,Create Improv Account,6,43559,0.01,OPTIONAL
add,XGSPON,BrightSpeed Internet,F,,Brightspeed Fiber,NI,Get O2 Facility Details,6,43559,0.01,OPTIONAL
add,XGSPON,BrightSpeed Internet,F,,Brightspeed Fiber,NI,O2 Initiate Programming,6,43559,0.01,OPTIONAL
add,XGSPON,BrightSpeed Internet,F,,Brightspeed Fiber,NI,Undo: Undo: Create Subscriber Record in EMS,5,43559,0.01,OPTIONAL
add,XGSPON,BrightSpeed Internet,F,,Brightspeed Fiber,NI,Activate ONT,2,43559,0,OPTIONAL
add,XGSPON,BrightSpeed Internet,F,,Brightspeed Fiber,NI,Assign BrightSpeed Discounts in BOSS-IM,1,43559,0,OPTIONAL
add,XGSPON,BrightSpeed Internet,F,,Brightspeed Fiber,NI,Get ONT Status,1,43559,0,OPTIONAL
add,XGSPON,BrightSpeed Internet,F,,Brightspeed Fiber,NI,O2 Order Completion,1,43559,0,OPTIONAL
add,XGSPON,BrightSpeed Internet,F,,Brightspeed Fiber,NI,Revision Billing,1,43559,0,OPTIONAL
add,XGSPON,BrightSpeed Internet,F,,Brightspeed Fiber,NI,Undo: Undo&Redo: Add Fiber Internet Service in EMS,1,43559,0,OPTIONAL
add,XGSPON,BrightSpeed Internet,F,,Brightspeed Fiber,NI,s,1,43559,0,OPTIONAL
add,XGSPON,BrightSpeed Internet+BrightSpeed Voice,F,,HSI,NI,Product Order for BrightSpeed Voice,29491,29493,99.99,MANDATORY
add,XGSPON,BrightSpeed Internet+BrightSpeed Voice,F,,HSI,NI,Product Order for BrightSpeed Discounts,29488,29493,99.98,MANDATORY
add,XGSPON,BrightSpeed Internet+BrightSpeed Voice,F,,HSI,NI,Product Order for BrightSpeed TechInstall,29480,29493,99.96,MANDATORY
add,XGSPON,BrightSpeed Internet+BrightSpeed Voice,F,,HSI,NI,Update Correlation in Dispatch,29462,29493,99.89,MANDATORY
add,XGSPON,BrightSpeed Internet+BrightSpeed Voice,F,,HSI,NI,Create Calling Plans in Alianza,28799,29493,97.65,MANDATORY
add,XGSPON,BrightSpeed Internet+BrightSpeed Voice,F,,HSI,NI,Configure Caller ID in Alianza,28606,29493,96.99,MANDATORY
add,XGSPON,BrightSpeed Internet+BrightSpeed Voice,F,,HSI,NI,Create SIP profile in Alianza,28578,29493,96.9,MANDATORY
add,XGSPON,BrightSpeed Internet+BrightSpeed Voice,F,,HSI,NI,Retrieve SIP Credential from Alianza,28571,29493,96.87,MANDATORY
add,XGSPON,BrightSpeed Internet+BrightSpeed Voice,F,,HSI,NI,Notify Order Ready for Dispatch,28185,29493,95.57,MANDATORY
add,XGSPON,BrightSpeed Internet+BrightSpeed Voice,F,,HSI,NI,Wait for Job Completion,28184,29493,95.56,MANDATORY
add,XGSPON,BrightSpeed Internet+BrightSpeed Voice,F,,HSI,NI,Wait for ONT Activation,28142,29493,95.42,MANDATORY
add,XGSPON,BrightSpeed Internet+BrightSpeed Voice,F,,HSI,NI,Wait for Tech Install,27425,29493,92.99,EXPECTED
add,XGSPON,BrightSpeed Internet+BrightSpeed Voice,F,,HSI,NI,Associate ONT to Subscriber in EMS,25546,29493,86.62,EXPECTED
add,XGSPON,BrightSpeed Internet+BrightSpeed Voice,F,,HSI,NI,Assign BrightSpeed Internet in BOSS-IM,23412,29493,79.38,EXPECTED
add,XGSPON,BrightSpeed Internet+BrightSpeed Voice,F,,HSI,NI,Create User in Alianza,23360,29493,79.21,EXPECTED
add,XGSPON,BrightSpeed Internet+BrightSpeed Voice,F,,HSI,NI,Assign BrightSpeed Voice in BOSS-IM,23076,29493,78.24,EXPECTED
add,XGSPON,BrightSpeed Internet+BrightSpeed Voice,F,,HSI,NI,Get LNP Port Request Status,23027,29493,78.08,EXPECTED
add,XGSPON,BrightSpeed Internet+BrightSpeed Voice,F,,HSI,NI,Create Account in Alianza,22946,29493,77.8,EXPECTED
add,XGSPON,BrightSpeed Internet+BrightSpeed Voice,F,,HSI,NI,Associate Service in Calix Cloud,22912,29493,77.69,EXPECTED
add,XGSPON,BrightSpeed Internet+BrightSpeed Voice,F,,HSI,NI,Add PhoneNumber,22908,29493,77.67,EXPECTED
add,XGSPON,BrightSpeed Internet+BrightSpeed Voice,F,,HSI,NI,Create Customer Record,22887,29493,77.6,EXPECTED
add,XGSPON,BrightSpeed Internet+BrightSpeed Voice,F,,HSI,NI,Add BrightSpeed Internet Service in EMS,22872,29493,77.55,EXPECTED
add,XGSPON,BrightSpeed Internet+BrightSpeed Voice,F,,HSI,NI,Activate ONT in EMS,22861,29493,77.51,EXPECTED
add,XGSPON,BrightSpeed Internet+BrightSpeed Voice,F,,HSI,NI,Update Billing,22857,29493,77.5,EXPECTED
add,XGSPON,BrightSpeed Internet+BrightSpeed Voice,F,,HSI,NI,Associate Voice Service in Calix Cloud,22844,29493,77.46,EXPECTED
add,XGSPON,BrightSpeed Internet+BrightSpeed Voice,F,,HSI,NI,Get TN Status from Alianza,22830,29493,77.41,EXPECTED
add,XGSPON,BrightSpeed Internet+BrightSpeed Voice,F,,HSI,NI,Update order completion in BOSS IM for Data,22817,29493,77.36,EXPECTED
add,XGSPON,BrightSpeed Internet+BrightSpeed Voice,F,,HSI,NI,Get RG Serial Number from EMS,22816,29493,77.36,EXPECTED
add,XGSPON,BrightSpeed Internet+BrightSpeed Voice,F,,HSI,NI,Create Dispatch Planning Job,22814,29493,77.35,EXPECTED
add,XGSPON,BrightSpeed Internet+BrightSpeed Voice,F,,HSI,NI,Initiate Billing,22777,29493,77.23,EXPECTED
add,XGSPON,BrightSpeed Internet+BrightSpeed Voice,F,,HSI,NI,Add Subscriber in Calix Cloud,22744,29493,77.12,EXPECTED
add,XGSPON,BrightSpeed Internet+BrightSpeed Voice,F,,HSI,NI,Update order completion in BOSS IM for Voice,22739,29493,77.1,EXPECTED
add,XGSPON,BrightSpeed Internet+BrightSpeed Voice,F,,HSI,NI,Associate ONT In Calix Cloud,22718,29493,77.03,EXPECTED
add,XGSPON,BrightSpeed Internet+BrightSpeed Voice,F,,HSI,NI,Retrieve ASM Information,22692,29493,76.94,EXPECTED
add,XGSPON,BrightSpeed Internet+BrightSpeed Voice,F,,HSI,NI,Update Speed Policy in ASM,22692,29493,76.94,EXPECTED
add,XGSPON,BrightSpeed Internet+BrightSpeed Voice,F,,HSI,NI,Create Subscriber Record in EMS,22656,29493,76.82,EXPECTED
add,XGSPON,BrightSpeed Internet+BrightSpeed Voice,F,,HSI,NI,Associate Device in Calix Cloud,22565,29493,76.51,EXPECTED
add,XGSPON,BrightSpeed Internet+BrightSpeed Voice,F,,HSI,NI,Get RG Mac Address,21658,29493,73.43,EXPECTED
add,XGSPON,BrightSpeed Internet+BrightSpeed Voice,F,,HSI,NI,Trigger Port,20222,29493,68.57,OPTIONAL
add,XGSPON,BrightSpeed Internet+BrightSpeed Voice,F,,HSI,NI,Wait For RG Association Event,19354,29493,65.62,OPTIONAL
add,XGSPON,BrightSpeed Internet+BrightSpeed Voice,F,,HSI,NI,Update Speed Policy in Radius,19037,29493,64.55,OPTIONAL
add,XGSPON,BrightSpeed Internet+BrightSpeed Voice,F,,HSI,NI,Disconnect DSL,8974,29493,30.43,OPTIONAL
add,XGSPON,BrightSpeed Internet+BrightSpeed Voice,F,,HSI,NI,Get BSW Status from C360,8503,29493,28.83,OPTIONAL
add,XGSPON,BrightSpeed Internet+BrightSpeed Voice,F,,HSI,NI,Wait for DSL Billing Cancellation,7913,29493,26.83,OPTIONAL
add,XGSPON,BrightSpeed Internet+BrightSpeed Voice,F,,HSI,NI,Undo:Create Customer Record in BOSS-OM,6587,29493,22.33,OPTIONAL
add,XGSPON,BrightSpeed Internet+BrightSpeed Voice,F,,HSI,NI,Undo: Billing,6436,29493,21.82,OPTIONAL
add,XGSPON,BrightSpeed Internet+BrightSpeed Voice,F,,HSI,NI,Undo:Create Dispatch Planning Job,6395,29493,21.68,OPTIONAL
add,XGSPON,BrightSpeed Internet+BrightSpeed Voice,F,,HSI,NI,Undo: Create Account in Alianza,6330,29493,21.46,OPTIONAL
add,XGSPON,BrightSpeed Internet+BrightSpeed Voice,F,,HSI,NI,Undo: Assign BrightSpeed Voice in BOSS-IM,6208,29493,21.05,OPTIONAL
add,XGSPON,BrightSpeed Internet+BrightSpeed Voice,F,,HSI,NI,Undo: Create User in Alianza,5884,29493,19.95,OPTIONAL
add,XGSPON,BrightSpeed Internet+BrightSpeed Voice,F,,HSI,NI,Undo: Assign BrightSpeed Internet in BOSS-IM,5870,29493,19.9,OPTIONAL
add,XGSPON,BrightSpeed Internet+BrightSpeed Voice,F,,HSI,NI,Undo: Add BrightSpeed Internet Service in EMS,5821,29493,19.74,OPTIONAL
add,XGSPON,BrightSpeed Internet+BrightSpeed Voice,F,,HSI,NI,Undo: Add PhoneNumber,5759,29493,19.53,OPTIONAL
add,XGSPON,BrightSpeed Internet+BrightSpeed Voice,F,,HSI,NI,Undo: Associate Service in Calix Cloud,5746,29493,19.48,OPTIONAL
add,XGSPON,BrightSpeed Internet+BrightSpeed Voice,F,,HSI,NI,Undo: Create Subscriber Record in EMS,5705,29493,19.34,OPTIONAL
add,XGSPON,BrightSpeed Internet+BrightSpeed Voice,F,,HSI,NI,Undo: Add Subscriber in Calix Cloud,5615,29493,19.04,OPTIONAL
add,XGSPON,BrightSpeed Internet+BrightSpeed Voice,F,,HSI,NI,Undo: Associate Voice Service in Calix Cloud,5361,29493,18.18,OPTIONAL
add,XGSPON,BrightSpeed Internet+BrightSpeed Voice,F,,HSI,NI,Create Buried Drop Order,4592,29493,15.57,OPTIONAL
add,XGSPON,BrightSpeed Internet+BrightSpeed Voice,F,,HSI,NI,Create DSL Disconnect Order,3586,29493,12.16,OPTIONAL
add,XGSPON,BrightSpeed Internet+BrightSpeed Voice,F,,HSI,NI,Get Available TN in Alianza,3583,29493,12.15,OPTIONAL
add,XGSPON,BrightSpeed Internet+BrightSpeed Voice,F,,HSI,NI,Undo: Associate ONT to Subscriber in EMS,2820,29493,9.56,OPTIONAL
add,XGSPON,BrightSpeed Internet+BrightSpeed Voice,F,,HSI,NI,Wait for Due Date - 10,2302,29493,7.81,OPTIONAL
add,XGSPON,BrightSpeed Internet+BrightSpeed Voice,F,,HSI,NI,Notify Dispatch - Delayed BSW,1869,29493,6.34,OPTIONAL
add,XGSPON,BrightSpeed Internet+BrightSpeed Voice,F,,HSI,NI,Update upstreamOnHold at Dispatch,1460,29493,4.95,OPTIONAL
add,XGSPON,BrightSpeed Internet+BrightSpeed Voice,F,,HSI,NI,Undo: Create Buried Drop Order,1377,29493,4.67,OPTIONAL
add,XGSPON,BrightSpeed Internet+BrightSpeed Voice,F,,HSI,NI,Wait for Due Date,795,29493,2.7,OPTIONAL
add,XGSPON,BrightSpeed Internet+BrightSpeed Voice,F,,HSI,NI,Wait for Disconnect Order Completion,749,29493,2.54,OPTIONAL
add,XGSPON,BrightSpeed Internet+BrightSpeed Voice,F,,HSI,NI,Update tech remarks in Dispatch,529,29493,1.79,OPTIONAL
add,XGSPON,BrightSpeed Internet+BrightSpeed Voice,F,,HSI,NI,Undo:Create Dispatch Planning Jobï»¿,260,29493,0.88,OPTIONAL
add,XGSPON,BrightSpeed Internet+BrightSpeed Voice,F,,HSI,NI,Get BSW Status,132,29493,0.45,OPTIONAL
add,XGSPON,BrightSpeed Internet+BrightSpeed Voice,F,,HSI,NI,Map User to TN in Alianza,130,29493,0.44,OPTIONAL
add,XGSPON,BrightSpeed Internet+BrightSpeed Voice,F,,HSI,NI,Update Customer Record Address,46,29493,0.16,OPTIONAL
add,XGSPON,BrightSpeed Internet+BrightSpeed Voice,F,,HSI,NI,Wait for CRD,42,29493,0.14,OPTIONAL
add,XGSPON,BrightSpeed Internet+BrightSpeed Voice,F,,HSI,NI,Dispatch Address Update,33,29493,0.11,OPTIONAL
add,XGSPON,BrightSpeed Internet+BrightSpeed Voice,F,,HSI,NI,Revise: Associate Service in Calix Cloud,24,29493,0.08,OPTIONAL
add,XGSPON,BrightSpeed Internet+BrightSpeed Voice,F,,HSI,NI,Undo: Associate Device in Calix Cloud,23,29493,0.08,OPTIONAL
add,XGSPON,BrightSpeed Internet+BrightSpeed Voice,F,,HSI,NI,Revise: Associate Device in Calix Cloud,17,29493,0.06,OPTIONAL
add,XGSPON,BrightSpeed Internet+BrightSpeed Voice,F,,HSI,NI,Update: Add Subscriber in Calix Cloud,17,29493,0.06,OPTIONAL
add,XGSPON,BrightSpeed Internet+BrightSpeed Voice,F,,HSI,NI,Put Dispatch On Hold,15,29493,0.05,OPTIONAL
add,XGSPON,BrightSpeed Internet+BrightSpeed Voice,F,,HSI,NI,Update Username in Alianza,15,29493,0.05,OPTIONAL
add,XGSPON,BrightSpeed Internet+BrightSpeed Voice,F,,HSI,NI,Update: Create Subscriber Record in EMS,15,29493,0.05,OPTIONAL
add,XGSPON,BrightSpeed Internet+BrightSpeed Voice,F,,HSI,NI,Undo: Undo: Create Account in Alianza,13,29493,0.04,OPTIONAL
add,XGSPON,BrightSpeed Internet+BrightSpeed Voice,F,,HSI,NI,Redo: Create ONT,11,29493,0.04,OPTIONAL
add,XGSPON,BrightSpeed Internet+BrightSpeed Voice,F,,HSI,NI,Release Dispatch From Hold,11,29493,0.04,OPTIONAL
add,XGSPON,BrightSpeed Internet+BrightSpeed Voice,F,,HSI,NI,Redo: Create Dispatch Planning Job,9,29493,0.03,OPTIONAL
add,XGSPON,BrightSpeed Internet+BrightSpeed Voice,F,,HSI,NI,Update ONT Activation Response to BOSS IM,9,29493,0.03,OPTIONAL
add,XGSPON,BrightSpeed Internet+BrightSpeed Voice,F,,HSI,NI,Undo&Redo: Create Service,6,29493,0.02,OPTIONAL
add,XGSPON,BrightSpeed Internet+BrightSpeed Voice,F,,HSI,NI,Undo: Update Speed Policy in Radius,5,29493,0.02,OPTIONAL
add,XGSPON,BrightSpeed Internet+BrightSpeed Voice,F,,HSI,NI,Revision:Wait for Due Date,4,29493,0.01,OPTIONAL
add,XGSPON,BrightSpeed Internet+BrightSpeed Voice,F,,HSI,NI,Get ONT serial number from EMS,3,29493,0.01,OPTIONAL
add,XGSPON,BrightSpeed Internet+BrightSpeed Voice,F,,HSI,NI,Undo: Get LNP Port Request Status,3,29493,0.01,OPTIONAL
add,XGSPON,BrightSpeed Internet+BrightSpeed Voice,F,,HSI,NI,Undo: Undo: Undo: Create Account in Alianza,3,29493,0.01,OPTIONAL
add,XGSPON,BrightSpeed Internet+BrightSpeed Voice,F,,HSI,NI,Undo: Update: Create Subscriber Record in EMS,3,29493,0.01,OPTIONAL
add,XGSPON,BrightSpeed Internet+BrightSpeed Voice,F,,HSI,NI,Redo: Revision Billing,2,29493,0.01,OPTIONAL
add,XGSPON,BrightSpeed Internet+BrightSpeed Voice,F,,HSI,NI,Undo: Undo&Redo: Create Service,2,29493,0.01,OPTIONAL
add,XGSPON,BrightSpeed Internet+BrightSpeed Voice,F,,HSI,NI,Undo: Undo: Add BrightSpeed Internet Service in EMS,2,29493,0.01,OPTIONAL
add,XGSPON,BrightSpeed Internet+BrightSpeed Voice,F,,HSI,NI,Undo: Undo: Add PhoneNumber,2,29493,0.01,OPTIONAL
add,XGSPON,BrightSpeed Internet+BrightSpeed Voice,F,,HSI,NI,Undo: Undo: Create Subscriber Record in EMS,2,29493,0.01,OPTIONAL
add,XGSPON,BrightSpeed Internet+BrightSpeed Voice,F,,HSI,NI,Wait for VMDU Case Complete,2,29493,0.01,OPTIONAL
add,XGSPON,BrightSpeed Internet+BrightSpeed Voice,F,,HSI,NI,Activate Existing ONT in EMS,1,29493,0,OPTIONAL
add,XGSPON,BrightSpeed Internet+BrightSpeed Voice,F,,HSI,NI,Activate ONT,1,29493,0,OPTIONAL
add,XGSPON,BrightSpeed Internet+BrightSpeed Voice,F,,HSI,NI,Activate SIM,1,29493,0,OPTIONAL
add,XGSPON,BrightSpeed Internet+BrightSpeed Voice,F,,HSI,NI,Add Configuration in AXON,1,29493,0,OPTIONAL
add,XGSPON,BrightSpeed Internet+BrightSpeed Voice,F,,HSI,NI,Add Device to Location in AXON,1,29493,0,OPTIONAL
add,XGSPON,BrightSpeed Internet+BrightSpeed Voice,F,,HSI,NI,Assign Fiber Voice in BOSS-IM,1,29493,0,OPTIONAL
add,XGSPON,BrightSpeed Internet+BrightSpeed Voice,F,,HSI,NI,Create Account in AXON,1,29493,0,OPTIONAL
add,XGSPON,BrightSpeed Internet+BrightSpeed Voice,F,,HSI,NI,Create Location in AXON,1,29493,0,OPTIONAL
add,XGSPON,BrightSpeed Internet+BrightSpeed Voice,F,,HSI,NI,Delete Calix Cloud Voice Provisioning,1,29493,0,OPTIONAL
add,XGSPON,BrightSpeed Internet+BrightSpeed Voice,F,,HSI,NI,Get CPE Inventory,1,29493,0,OPTIONAL
add,XGSPON,BrightSpeed Internet+BrightSpeed Voice,F,,HSI,NI,Get Information for Disconnection,1,29493,0,OPTIONAL
add,XGSPON,BrightSpeed Internet+BrightSpeed Voice,F,,HSI,NI,Get ONT Status,1,29493,0,OPTIONAL
add,XGSPON,BrightSpeed Internet+BrightSpeed Voice,F,,HSI,NI,Get Subscription ID from Zoura,1,29493,0,OPTIONAL
add,XGSPON,BrightSpeed Internet+BrightSpeed Voice,F,,HSI,NI,O2 Order Completion,1,29493,0,OPTIONAL
add,XGSPON,BrightSpeed Internet+BrightSpeed Voice,F,,HSI,NI,Product Order for Fiber Voice,1,29493,0,OPTIONAL
add,XGSPON,BrightSpeed Internet+BrightSpeed Voice,F,,HSI,NI,Start Billing,1,29493,0,OPTIONAL
add,XGSPON,BrightSpeed Internet+BrightSpeed Voice,F,,HSI,NI,Undo: Delete TN in Allianza,1,29493,0,OPTIONAL
add,XGSPON,BrightSpeed Internet+BrightSpeed Voice,F,,HSI,NI,Undo: Undo: Associate ONT to Subscriber in EMS,1,29493,0,OPTIONAL
add,XGSPON,BrightSpeed Internet+BrightSpeed Voice,F,,HSI,NI,Undo: Undo: Create User in Alianza,1,29493,0,OPTIONAL
add,XGSPON,BrightSpeed Internet+BrightSpeed Voice,F,,HSI,NI,Undo: Undo: Undo&Redo: Create Service,1,29493,0,OPTIONAL
add,XGSPON,BrightSpeed Internet+BrightSpeed Voice,F,,HSI,NI,Wait for Serial Number,1,29493,0,OPTIONAL
add,XGSPON,Fiber Internet,F,,Brightspeed Fiber,NI,Product Order for Fiber Voice TechInstall,79236,79543,99.61,MANDATORY
add,XGSPON,Fiber Internet,F,,Brightspeed Fiber,NI,Update Correlation in Dispatch,79088,79543,99.43,MANDATORY
add,XGSPON,Fiber Internet,F,,Brightspeed Fiber,NI,Product Order for Fiber OTC Waiver,78489,79543,98.67,MANDATORY
add,XGSPON,Fiber Internet,F,,Brightspeed Fiber,NI,BRIM:Convert BAN in Biller,78465,79543,98.64,MANDATORY
add,XGSPON,Fiber Internet,F,,Brightspeed Fiber,NI,Notify Order Ready for Dispatch,77402,79543,97.31,MANDATORY
add,XGSPON,Fiber Internet,F,,Brightspeed Fiber,NI,Wait for Job Completion,77399,79543,97.3,MANDATORY
add,XGSPON,Fiber Internet,F,,Brightspeed Fiber,NI,Add Subscriber in Calix Cloud,71840,79543,90.32,EXPECTED
add,XGSPON,Fiber Internet,F,,Brightspeed Fiber,NI,Wait for Tech Install,69981,79543,87.98,EXPECTED
add,XGSPON,Fiber Internet,F,,Brightspeed Fiber,NI,Update Speed Policy in Radius,69689,79543,87.61,EXPECTED
add,XGSPON,Fiber Internet,F,,Brightspeed Fiber,NI,Associate ONT to Subscriber in EMS,63604,79543,79.96,EXPECTED
add,XGSPON,Fiber Internet,F,,Brightspeed Fiber,NI,Assign Fiber Internet in BOSS-IM,60935,79543,76.61,EXPECTED
add,XGSPON,Fiber Internet,F,,Brightspeed Fiber,NI,Create Customer Record,60875,79543,76.53,EXPECTED
add,XGSPON,Fiber Internet,F,,Brightspeed Fiber,NI,Create Subscriber Record in EMS,60720,79543,76.34,EXPECTED
add,XGSPON,Fiber Internet,F,,Brightspeed Fiber,NI,Create Dispatch Planning Job,60689,79543,76.3,EXPECTED
add,XGSPON,Fiber Internet,F,,Brightspeed Fiber,NI,Associate Service in Calix Cloud,60643,79543,76.24,EXPECTED
add,XGSPON,Fiber Internet,F,,Brightspeed Fiber,NI,Add Fiber Internet Service in EMS,60597,79543,76.18,EXPECTED
add,XGSPON,Fiber Internet,F,,Brightspeed Fiber,NI,Create Subscription Order in BRIM,60544,79543,76.11,EXPECTED
add,XGSPON,Fiber Internet,F,,Brightspeed Fiber,NI,Get RG Mac Address,49775,79543,62.58,OPTIONAL
add,XGSPON,Fiber Internet,F,,Brightspeed Fiber,NI,Update order completion in BOSS IM for Data,49760,79543,62.56,OPTIONAL
add,XGSPON,Fiber Internet,F,,Brightspeed Fiber,NI,Get RG Serial Number from EMS,49652,79543,62.42,OPTIONAL
add,XGSPON,Fiber Internet,F,,Brightspeed Fiber,NI,Start Billing,49535,79543,62.27,OPTIONAL
add,XGSPON,Fiber Internet,F,,Brightspeed Fiber,NI,Associate Device in Calix Cloud,49476,79543,62.2,OPTIONAL
add,XGSPON,Fiber Internet,F,,Brightspeed Fiber,NI,Activate ONT in EMS,49318,79543,62,OPTIONAL
add,XGSPON,Fiber Internet,F,,Brightspeed Fiber,NI,Associate ONT In Calix Cloud,48825,79543,61.38,OPTIONAL
add,XGSPON,Fiber Internet,F,,Brightspeed Fiber,NI,Undo:Create Customer Record in BOSS-OM,18634,79543,23.43,OPTIONAL
add,XGSPON,Fiber Internet,F,,Brightspeed Fiber,NI,Undo:Create Dispatch Planning Job,18544,79543,23.31,OPTIONAL
add,XGSPON,Fiber Internet,F,,Brightspeed Fiber,NI,Update ONT Activation Response to BOSS IM,18208,79543,22.89,OPTIONAL
add,XGSPON,Fiber Internet,F,,Brightspeed Fiber,NI,Undo: BRIM Cancel Pending Subscription,17749,79543,22.31,OPTIONAL
add,XGSPON,Fiber Internet,F,,Brightspeed Fiber,NI,Create Buried Drop Order,17624,79543,22.16,OPTIONAL
add,XGSPON,Fiber Internet,F,,Brightspeed Fiber,NI,Undo: Assign Fiber Internet in BOSS-IM,17108,79543,21.51,OPTIONAL
add,XGSPON,Fiber Internet,F,,Brightspeed Fiber,NI,Undo: Associate Service in Calix Cloud,17016,79543,21.39,OPTIONAL
add,XGSPON,Fiber Internet,F,,Brightspeed Fiber,NI,Undo: Add Fiber Internet Service in EMS,17007,79543,21.38,OPTIONAL
add,XGSPON,Fiber Internet,F,,Brightspeed Fiber,NI,Undo: Create Subscriber Record in EMS,16955,79543,21.32,OPTIONAL
add,XGSPON,Fiber Internet,F,,Brightspeed Fiber,NI,BRIM:BAN Payment Posting for Deposit,15398,79543,19.36,OPTIONAL
add,XGSPON,Fiber Internet,F,,Brightspeed Fiber,NI,Get BSW Status from C360,14766,79543,18.56,OPTIONAL
add,XGSPON,Fiber Internet,F,,Brightspeed Fiber,NI,Undo: Associate ONT to Subscriber in EMS,14059,79543,17.67,OPTIONAL
add,XGSPON,Fiber Internet,F,,Brightspeed Fiber,NI,Retrieve ASM Information,9647,79543,12.13,OPTIONAL
add,XGSPON,Fiber Internet,F,,Brightspeed Fiber,NI,Update Speed Policy in ASM,9647,79543,12.13,OPTIONAL
add,XGSPON,Fiber Internet,F,,Brightspeed Fiber,NI,Put Dispatch On Hold,9484,79543,11.92,OPTIONAL
add,XGSPON,Fiber Internet,F,,Brightspeed Fiber,NI,Wait for Due Date,8317,79543,10.46,OPTIONAL
add,XGSPON,Fiber Internet,F,,Brightspeed Fiber,NI,Undo: Update Speed Policy in Radius,7942,79543,9.98,OPTIONAL
add,XGSPON,Fiber Internet,F,,Brightspeed Fiber,NI,Undo: Add Subscriber in Calix Cloud,5822,79543,7.32,OPTIONAL
add,XGSPON,Fiber Internet,F,,Brightspeed Fiber,NI,Undo: Create Buried Drop Order,5573,79543,7.01,OPTIONAL
add,XGSPON,Fiber Internet,F,,Brightspeed Fiber,NI,Release Dispatch From Hold,3629,79543,4.56,OPTIONAL
add,XGSPON,Fiber Internet,F,,Brightspeed Fiber,NI,Update upstreamOnHold at Dispatch,1845,79543,2.32,OPTIONAL
add,XGSPON,Fiber Internet,F,,Brightspeed Fiber,NI,Wait for Disconnect Order Completion,1140,79543,1.43,OPTIONAL
add,XGSPON,Fiber Internet,F,,Brightspeed Fiber,NI,Activate Existing ONT in EMS,1058,79543,1.33,OPTIONAL
add,XGSPON,Fiber Internet,F,,Brightspeed Fiber,NI,Update tech remarks in Dispatch,1036,79543,1.3,OPTIONAL
add,XGSPON,Fiber Internet,F,,Brightspeed Fiber,NI,Wait for VMDU Case Complete,536,79543,0.67,OPTIONAL
add,XGSPON,Fiber Internet,F,,Brightspeed Fiber,NI,Release Order From Dispatch,457,79543,0.57,OPTIONAL
add,XGSPON,Fiber Internet,F,,Brightspeed Fiber,NI,Get ONT serial number from EMS,175,79543,0.22,OPTIONAL
add,XGSPON,Fiber Internet,F,,Brightspeed Fiber,NI,Product Order for Fiber TechInstall,158,79543,0.2,OPTIONAL
add,XGSPON,Fiber Internet,F,,Brightspeed Fiber,NI,CE Self Install,149,79543,0.19,OPTIONAL
add,XGSPON,Fiber Internet,F,,Brightspeed Fiber,NI,Update Subscription in BRIM,145,79543,0.18,OPTIONAL
add,XGSPON,Fiber Internet,F,,Brightspeed Fiber,NI,Initiate Shipment - Router,141,79543,0.18,OPTIONAL
add,XGSPON,Fiber Internet,F,,Brightspeed Fiber,NI,Wait for Shipment Confirmation - Router,141,79543,0.18,OPTIONAL
add,XGSPON,Fiber Internet,F,,Brightspeed Fiber,NI,Notify Dispatch - Delayed BSW,140,79543,0.18,OPTIONAL
add,XGSPON,Fiber Internet,F,,Brightspeed Fiber,NI,Wait for Delivery Confirmation - Router,136,79543,0.17,OPTIONAL
add,XGSPON,Fiber Internet,F,,Brightspeed Fiber,NI,Revision:Create Subscription Order in BRIM,124,79543,0.16,OPTIONAL
add,XGSPON,Fiber Internet,F,,Brightspeed Fiber,NI,Revision: Reject Previous Subscription in BRIM,114,79543,0.14,OPTIONAL
add,XGSPON,Fiber Internet,F,,Brightspeed Fiber,NI,Undo&Redo: Add Fiber Internet Service in EMS,99,79543,0.12,OPTIONAL
add,XGSPON,Fiber Internet,F,,Brightspeed Fiber,NI,Disconnect DSL,90,79543,0.11,OPTIONAL
add,XGSPON,Fiber Internet,F,,Brightspeed Fiber,NI,Revise: Associate Device in Calix Cloud,82,79543,0.1,OPTIONAL
add,XGSPON,Fiber Internet,F,,Brightspeed Fiber,NI,Update: Add Subscriber in Calix Cloud,81,79543,0.1,OPTIONAL
add,XGSPON,Fiber Internet,F,,Brightspeed Fiber,NI,Update: Create Subscriber Record in EMS,77,79543,0.1,OPTIONAL
add,XGSPON,Fiber Internet,F,,Brightspeed Fiber,NI,Redo: Create ONT,74,79543,0.09,OPTIONAL
add,XGSPON,Fiber Internet,F,,Brightspeed Fiber,NI,Revision: Assign Fiber Internet in BOSS-IM,73,79543,0.09,OPTIONAL
add,XGSPON,Fiber Internet,F,,Brightspeed Fiber,NI,Revision: Update Correlation in Dispatch,70,79543,0.09,OPTIONAL
add,XGSPON,Fiber Internet,F,,Brightspeed Fiber,NI,Revise: Associate Service in Calix Cloud,69,79543,0.09,OPTIONAL
add,XGSPON,Fiber Internet,F,,Brightspeed Fiber,NI,Revise:Update Speed Policy in Radius,67,79543,0.08,OPTIONAL
add,XGSPON,Fiber Internet,F,,Brightspeed Fiber,NI,Update Customer Record Address,67,79543,0.08,OPTIONAL
add,XGSPON,Fiber Internet,F,,Brightspeed Fiber,NI,Dispatch Address Update,56,79543,0.07,OPTIONAL
add,XGSPON,Fiber Internet,F,,Brightspeed Fiber,NI,Revision: Update Account in BRIM,44,79543,0.06,OPTIONAL
add,XGSPON,Fiber Internet,F,,Brightspeed Fiber,NI,Product Order for Value Added Services,28,79543,0.04,OPTIONAL
add,XGSPON,Fiber Internet,F,,Brightspeed Fiber,NI,Undo&Redo: Create Service,26,79543,0.03,OPTIONAL
add,XGSPON,Fiber Internet,F,,Brightspeed Fiber,NI,Wait for DSL Billing Cancellation,19,79543,0.02,OPTIONAL
add,XGSPON,Fiber Internet,F,,Brightspeed Fiber,NI,Redo: Create Dispatch Planning Job,14,79543,0.02,OPTIONAL
add,XGSPON,Fiber Internet,F,,Brightspeed Fiber,NI,Undo: Undo&Redo: Add Fiber Internet Service in EMS,14,79543,0.02,OPTIONAL
add,XGSPON,Fiber Internet,F,,Brightspeed Fiber,NI,Create DSL Disconnect Order,10,79543,0.01,OPTIONAL
add,XGSPON,Fiber Internet,F,,Brightspeed Fiber,NI,Initiate Shipment,8,79543,0.01,OPTIONAL
add,XGSPON,Fiber Internet,F,,Brightspeed Fiber,NI,Wait for Delivery Confirmation,8,79543,0.01,OPTIONAL
add,XGSPON,Fiber Internet,F,,Brightspeed Fiber,NI,Wait for Shipment Confirmation,8,79543,0.01,OPTIONAL
add,XGSPON,Fiber Internet,F,,Brightspeed Fiber,NI,Initiating Rip in BOSS IM and Calix,6,79543,0.01,OPTIONAL
add,XGSPON,Fiber Internet,F,,Brightspeed Fiber,NI,Undo: Undo: Add Fiber Internet Service in EMS,5,79543,0.01,OPTIONAL
add,XGSPON,Fiber Internet,F,,Brightspeed Fiber,NI,Update ONT Profile in BOSS IM,5,79543,0.01,OPTIONAL
add,XGSPON,Fiber Internet,F,,Brightspeed Fiber,NI,Redo:Assign Inventory and RFS,4,79543,0.01,OPTIONAL
add,XGSPON,Fiber Internet,F,,Brightspeed Fiber,NI,Undo: Undo&Redo: Create Service,4,79543,0.01,OPTIONAL
add,XGSPON,Fiber Internet,F,,Brightspeed Fiber,NI,Undo: Undo: Undo&Redo: Create Service,4,79543,0.01,OPTIONAL
add,XGSPON,Fiber Internet,F,,Brightspeed Fiber,NI,Initiate Billing,3,79543,0,OPTIONAL
add,XGSPON,Fiber Internet,F,,Brightspeed Fiber,NI,Revision Billing Create Subscription,3,79543,0,OPTIONAL
add,XGSPON,Fiber Internet,F,,Brightspeed Fiber,NI,Undo: Undo: Redo: Create ONT,3,79543,0,OPTIONAL
add,XGSPON,Fiber Internet,F,,Brightspeed Fiber,NI,Undo: Update: Create Subscriber Record in EMS,3,79543,0,OPTIONAL
add,XGSPON,Fiber Internet,F,,Brightspeed Fiber,NI,Add Brightspeed Internet Service in EMS,2,79543,0,OPTIONAL
add,XGSPON,Fiber Internet,F,,Brightspeed Fiber,NI,Assign Brightspeed Internet in BOSS-IM,2,79543,0,OPTIONAL
add,XGSPON,Fiber Internet,F,,Brightspeed Fiber,NI,Assign Fiber Data in BOSS-IM,2,79543,0,OPTIONAL
add,XGSPON,Fiber Internet,F,,Brightspeed Fiber,NI,Product Order for Brightspeed Internet,2,79543,0,OPTIONAL
add,XGSPON,Fiber Internet,F,,Brightspeed Fiber,NI,Product Order for Fiber Data v2,2,79543,0,OPTIONAL
add,XGSPON,Fiber Internet,F,,Brightspeed Fiber,NI,Redo: Wait for VMDU Case Complete,2,79543,0,OPTIONAL
add,XGSPON,Fiber Internet,F,,Brightspeed Fiber,NI,Undo: Redo: Create ONT,2,79543,0,OPTIONAL
add,XGSPON,Fiber Internet,F,,Brightspeed Fiber,NI,Undo: Undo: Update: Create Subscriber Record in EMS,2,79543,0,OPTIONAL
add,XGSPON,Fiber Internet,F,,Brightspeed Fiber,NI,Add Fiber Data Service in EMS,1,79543,0,OPTIONAL
add,XGSPON,Fiber Internet,F,,Brightspeed Fiber,NI,Assign Fiber Voice TechInstall in BOSS-IM,1,79543,0,OPTIONAL
add,XGSPON,Fiber Internet,F,,Brightspeed Fiber,NI,Configure Caller ID in Alianza,1,79543,0,OPTIONAL
add,XGSPON,Fiber Internet,F,,Brightspeed Fiber,NI,Create Calling Plans in Alianza,1,79543,0,OPTIONAL
add,XGSPON,Fiber Internet,F,,Brightspeed Fiber,NI,Create ONT,1,79543,0,OPTIONAL
add,XGSPON,Fiber Internet,F,,Brightspeed Fiber,NI,Create SIP profile in Alianza,1,79543,0,OPTIONAL
add,XGSPON,Fiber Internet,F,,Brightspeed Fiber,NI,Get LNP Port Request Status,1,79543,0,OPTIONAL
add,XGSPON,Fiber Internet,F,,Brightspeed Fiber,NI,Get RG Serial Number,1,79543,0,OPTIONAL
add,XGSPON,Fiber Internet,F,,Brightspeed Fiber,NI,Initiating Rebuild in BOSS IM and Calix,1,79543,0,OPTIONAL
add,XGSPON,Fiber Internet,F,,Brightspeed Fiber,NI,Product Order for Fiber Voice,1,79543,0,OPTIONAL
add,XGSPON,Fiber Internet,F,,Brightspeed Fiber,NI,Retrieve SIP Credential from Alianza,1,79543,0,OPTIONAL
add,XGSPON,Fiber Internet,F,,Brightspeed Fiber,NI,Undo: Add PhoneNumber,1,79543,0,OPTIONAL
add,XGSPON,Fiber Internet,F,,Brightspeed Fiber,NI,Undo: Assign Fiber Voice in BOSS-IM,1,79543,0,OPTIONAL
add,XGSPON,Fiber Internet,F,,Brightspeed Fiber,NI,Undo: Associate Voice Service in Calix Cloud,1,79543,0,OPTIONAL
add,XGSPON,Fiber Internet,F,,Brightspeed Fiber,NI,Undo: Create Account in Alianza,1,79543,0,OPTIONAL
add,XGSPON,Fiber Internet,F,,Brightspeed Fiber,NI,Undo: Create User in Alianza,1,79543,0,OPTIONAL
add,XGSPON,Fiber Internet,F,,Brightspeed Fiber,NI,Undo: Undo: Associate ONT to Subscriber in EMS,1,79543,0,OPTIONAL
add,XGSPON,Fiber Internet,F,,Brightspeed Fiber,NI,Undo: Undo: Undo: Create Subscriber Record in EMS,1,79543,0,OPTIONAL
add,XGSPON,Fiber Internet,F,,Brightspeed Fiber,NI,Undo: Undo: Undo: Undo: Undo: Undo: Add Fiber Internet Service in EMS,1,79543,0,OPTIONAL
add,XGSPON,Fiber Internet,F,,Brightspeed Fiber,NI,Update Calix Service Mapping,1,79543,0,OPTIONAL
add,XGSPON,Fiber Internet,F,,Brightspeed Fiber,NI,Update Serial Number BOSS IM,1,79543,0,OPTIONAL
add,XGSPON,Fiber Internet,F,,Brightspeed Fiber,NI,Wait For RG Association Event,1,79543,0,OPTIONAL
add,XGSPON,Fiber Internet,F,,Brightspeed Fiber,NI,Wait for ONT Activation,1,79543,0,OPTIONAL
add,Copper,DSL,,VDSL2,HSI,NI,Product Order for Copper DSL,24597,24599,99.99,MANDATORY
add,XGSPON,Fiber Internet,F,,Brightspeed Fiber,NI,Product Order for Fiber Internet,79536,79543,99.99,MANDATORY
add,XGSPON,BrightSpeed Internet+BrightSpeed Voice,F,,HSI,NI,Product Order for BrightSpeed Internet,29492,29493,100,MANDATORY
add,XGSPON,BrightSpeed Internet,F,,Brightspeed Fiber,NI,Product Order for BrightSpeed Internet,43556,43559,99.99,MANDATORY
add,XGSPON,BrightSpeed Internet,F,,,,Product Order for BrightSpeed Internet,359471,359497,99.99,MANDATORY
add,GPON,fQF Internet,F,,HSI,NI,Product Order for fQF Internet,50239,50244,99.99,MANDATORY
add,GPON,Fiber Internet,F,GPON,Quantum Fiber,NI,Product Order for Fiber Internet,12442,12442,100,MANDATORY
add,Copper,POTS,,,VOICE,NI,Product Order for Copper POTS,3353,3355,99.94,MANDATORY
add,Copper,POTS,,,VOICE,NI,Product Order for Copper POTS,3353,3355,99.94,MANDATORY
